,interacting_pair,partners_in_troph,partners_in_troph_expr_where,partners_other,partners_other_expr_where,direction_of_interaction,is_integrin
0,ACVR_1A2A_receptor_INHA,"['ACVR1', 'ACVR2A']","['eEVT', 'iEVT']",['INHA'],"['VCT_CCC', 'EVT_2', 'iEVT', 'GC']",(M+F)-F,False
1,ACVR_1A2A_receptor_INHA,['INHA'],"['VCT_CCC', 'EVT_2', 'iEVT', 'GC']","['ACVR1', 'ACVR2A']","['eEVT', 'iEVT', 'dS1', 'uSMC', 'Endo_M']",F-(M+F),False
1,ACVR_1A2B_receptor_INHA,"['ACVR2B', 'ACVR1']","['EVT_2', 'iEVT']",['INHA'],"['VCT_CCC', 'EVT_2', 'iEVT', 'GC']",(M+F)-F,False
2,ACVR_1A2B_receptor_INHA,['INHA'],"['VCT_CCC', 'EVT_2', 'iEVT', 'GC']","['ACVR2B', 'ACVR1']","['EVT_2', 'iEVT', 'dS1', 'dS2', 'uSMC', 'Endo_M']",F-(M+F),False
2,ACVR_1B2A_receptor_GDF11,"['ACVR1B', 'ACVR2A']","['eEVT', 'iEVT']",['GDF11'],['eEVT'],F-F,False
3,ACVR_1B2A_receptor_GDF11,['GDF11'],['eEVT'],"['ACVR1B', 'ACVR2A']","['eEVT', 'iEVT']",F-F,False
3,ACVR_1B2A_receptor_INHA,"['ACVR1B', 'ACVR2A']","['eEVT', 'iEVT']",['INHA'],"['VCT_CCC', 'EVT_2', 'iEVT', 'GC']",(M+F)-F,False
4,ACVR_1B2A_receptor_INHA,['INHA'],"['VCT_CCC', 'EVT_2', 'iEVT', 'GC']","['ACVR1B', 'ACVR2A']","['eEVT', 'iEVT', 'dS1', 'uSMC', 'Endo_M']",F-(M+F),False
4,ACVR_1B2B_receptor_GDF11,"['ACVR2B', 'ACVR1B']",['iEVT'],['GDF11'],['eEVT'],F-F,False
5,ACVR_1B2B_receptor_GDF11,['GDF11'],['eEVT'],"['ACVR2B', 'ACVR1B']",['iEVT'],F-F,False
5,ACVR_1B2B_receptor_INHA,"['ACVR2B', 'ACVR1B']",['iEVT'],['INHA'],"['VCT_CCC', 'EVT_2', 'iEVT', 'GC']",(M+F)-F,False
6,ACVR_1B2B_receptor_INHA,['INHA'],"['VCT_CCC', 'EVT_2', 'iEVT', 'GC']","['ACVR2B', 'ACVR1B']","['iEVT', 'dS1', 'uSMC', 'Endo_M']",F-(M+F),False
6,ADM2_RAMP2_complex,['ADM2'],['eEVT'],"['RAMP2', 'CALCRL']","['EVT_2', 'iEVT', 'Endo_M']",F-(M+F),False
7,ADM2_RAMP2_complex,"['RAMP2', 'CALCRL']","['EVT_2', 'iEVT']",['ADM2'],['eEVT'],(M+F)-F,False
7,APOE_TREM2_receptor,['APOE'],"['GC', 'iEVT']","['TYROBP', 'TREM2']","['GC', 'dM2', 'dM1']",F-(M+F),False
8,APOE_TREM2_receptor,"['TYROBP', 'TREM2']",['GC'],['APOE'],"['GC', 'iEVT']",(M+F)-F,False
8,APP_TREM2_receptor,['APP'],"['GC', 'eEVT']","['TYROBP', 'TREM2']","['GC', 'dM2', 'dM1']",F-(M+F),False
9,APP_TREM2_receptor,"['TYROBP', 'TREM2']",['GC'],['APP'],"['GC', 'eEVT']",(M+F)-F,False
9,BMPR1A_BMPR2_BMP4,"['BMPR2', 'BMPR1A']",['eEVT'],['BMP4'],"['VCT_CCC', 'EVT_2', 'eEVT', 'EVT_1']",(M+F)-F,False
10,BMPR1A_BMPR2_BMP4,['BMP4'],"['VCT_CCC', 'EVT_2', 'eEVT', 'EVT_1']","['BMPR2', 'BMPR1A']","['eEVT', 'dS1', 'uSMC']",F-(M+F),False
10,BMPR1B_BMPR2_BMP4,"['BMPR1B', 'BMPR2']","['GC', 'eEVT', 'iEVT']",['BMP4'],"['VCT_CCC', 'EVT_2', 'eEVT', 'EVT_1', 'dS2', 'dS3']",(M+F)-(M+F),False
11,BMPR1B_BMPR2_BMP4,['BMP4'],"['VCT_CCC', 'EVT_2', 'eEVT', 'EVT_1']","['BMPR1B', 'BMPR2']","['GC', 'eEVT', 'iEVT', 'dS1', 'uSMC']",(M+F)-(M+F),False
11,BMR1A_ACR2A_BMP4,"['BMPR1A', 'ACVR2A']",['eEVT'],['BMP4'],"['VCT_CCC', 'EVT_2', 'eEVT', 'EVT_1']",(M+F)-F,False
12,BMR1A_ACR2A_BMP4,['BMP4'],"['VCT_CCC', 'EVT_2', 'eEVT', 'EVT_1']","['BMPR1A', 'ACVR2A']","['eEVT', 'dS1', 'uSMC']",F-(M+F),False
12,BMR1A_AVR2B_BMP4,"['ACVR2B', 'BMPR1A']",['VCT_CCC'],['BMP4'],"['VCT_CCC', 'EVT_2', 'eEVT', 'EVT_1']",(M+F)-F,False
13,BMR1A_AVR2B_BMP4,['BMP4'],"['VCT_CCC', 'EVT_2', 'eEVT', 'EVT_1']","['ACVR2B', 'BMPR1A']","['VCT_CCC', 'dS1', 'uSMC']",F-(M+F),False
13,BMR1B_AVR2A_BMP4,"['BMPR1B', 'ACVR2A']","['GC', 'eEVT', 'iEVT']",['BMP4'],"['VCT_CCC', 'EVT_2', 'eEVT', 'EVT_1', 'dS2', 'dS3']",(M+F)-(M+F),False
14,BMR1B_AVR2A_BMP4,['BMP4'],"['VCT_CCC', 'EVT_2', 'eEVT', 'EVT_1']","['BMPR1B', 'ACVR2A']","['GC', 'eEVT', 'iEVT', 'dS1', 'uSMC']",(M+F)-(M+F),False
14,BMR1B_AVR2B_BMP4,"['BMPR1B', 'ACVR2B']","['GC', 'iEVT']",['BMP4'],"['VCT_CCC', 'EVT_2', 'eEVT', 'EVT_1']",(M+F)-F,False
15,BMR1B_AVR2B_BMP4,['BMP4'],"['VCT_CCC', 'EVT_2', 'eEVT', 'EVT_1']","['BMPR1B', 'ACVR2B']","['GC', 'iEVT', 'dS1', 'dS2', 'uSMC']",F-(M+F),False
15,CD47_SIRB1_complex,['CD47'],"['VCT_CCC', 'EVT_1']","['TYROBP', 'SIRPB1']",['dM1'],F-(M+F),False
16,CD47_SIRB1_complex,"['TYROBP', 'SIRPB1']",[],['CD47'],"['VCT_CCC', 'EVT_1']",(M+F)-F,False
16,CD94:NKG2A_HLA-E,"['KLRD1', 'KLRC1']",['eEVT'],['HLA-E'],"['EVT_1', 'EVT_2', 'iEVT', 'GC']",(M+F)-F,False
17,CD94:NKG2A_HLA-E,['HLA-E'],"['EVT_1', 'EVT_2', 'iEVT', 'GC']","['KLRD1', 'KLRC1']","['eEVT', 'dNK2', 'dNK3', 'dNK1']",F-(M+F),False
17,CD94:NKG2C_HLA-E,"['KLRD1', 'KLRC2']",['GC'],['HLA-E'],"['EVT_1', 'EVT_2', 'iEVT', 'GC']",(M+F)-F,False
18,CD94:NKG2C_HLA-E,['HLA-E'],"['EVT_1', 'EVT_2', 'iEVT', 'GC']","['KLRD1', 'KLRC2']","['GC', 'dNK2', 'dNK3', 'dNK1']",F-(M+F),False
18,CDH1_integrin_a2b1_complex,['CDH1'],"['VCT_CCC', 'eEVT', 'GC']","['ITGB1', 'ITGA2']","['eEVT', 'Endo_M']",(M+F)-(M+F),True
19,CDH1_integrin_a2b1_complex,"['ITGB1', 'ITGA2']",['eEVT'],['CDH1'],"['VCT_CCC', 'eEVT', 'GC', 'dNK1', 'uSMC', 'Endo_M', 'dS1', 'dS2']",(M+F)-(M+F),True
19,CDH1_integrin_aEb7_complex,['CDH1'],"['VCT_CCC', 'eEVT', 'GC']","['ITGB7', 'ITGAE']","['EVT_1', 'dNK3', 'dNK1']",F-(M+F),True
20,CDH1_integrin_aEb7_complex,"['ITGB7', 'ITGAE']",['EVT_1'],['CDH1'],"['VCT_CCC', 'eEVT', 'GC']",(M+F)-F,True
20,CLU_TREM2_receptor,['CLU'],"['VCT_CCC', 'GC']","['TYROBP', 'TREM2']","['GC', 'dM2', 'dM1']",F-(M+F),False
21,CLU_TREM2_receptor,"['TYROBP', 'TREM2']",['GC'],['CLU'],"['VCT_CCC', 'GC']",(M+F)-F,False
21,COL11A1_integrin_a11b1_complex,['COL11A1'],"['GC', 'iEVT']","['ITGA11', 'ITGB1']","['EVT_2', 'iEVT', 'dS1', 'uSMC']",F-(M+F),True
22,COL11A1_integrin_a11b1_complex,"['ITGA11', 'ITGB1']","['EVT_2', 'iEVT']",['COL11A1'],"['GC', 'iEVT']",(M+F)-F,True
22,COL11A1_integrin_a1b1_complex,['COL11A1'],"['GC', 'iEVT']","['ITGB1', 'ITGA1']","['GC', 'eEVT', 'iEVT', 'dS3', 'uSMC']",(M+F)-(M+F),True
23,COL11A1_integrin_a1b1_complex,"['ITGB1', 'ITGA1']","['GC', 'eEVT', 'iEVT']",['COL11A1'],"['GC', 'iEVT', 'dS1', 'uSMC', 'Endo_M']",(M+F)-(M+F),True
23,COL11A1_integrin_a2b1_complex,['COL11A1'],"['GC', 'iEVT']","['ITGB1', 'ITGA2']","['eEVT', 'Endo_M']",(M+F)-(M+F),True
24,COL11A1_integrin_a2b1_complex,"['ITGB1', 'ITGA2']",['eEVT'],['COL11A1'],"['GC', 'iEVT', 'dS1', 'uSMC', 'Endo_M']",(M+F)-(M+F),True
24,COL15A1_integrin_a11b1_complex,['COL15A1'],"['GC', 'iEVT']","['ITGA11', 'ITGB1']","['EVT_2', 'iEVT', 'dS1', 'uSMC']",F-(M+F),True
25,COL15A1_integrin_a11b1_complex,"['ITGA11', 'ITGB1']","['EVT_2', 'iEVT']",['COL15A1'],"['GC', 'iEVT']",(M+F)-F,True
25,COL15A1_integrin_a1b1_complex,['COL15A1'],"['GC', 'iEVT']","['ITGB1', 'ITGA1']","['GC', 'eEVT', 'iEVT', 'dS3', 'uSMC']",(M+F)-(M+F),True
26,COL15A1_integrin_a1b1_complex,"['ITGB1', 'ITGA1']","['GC', 'eEVT', 'iEVT']",['COL15A1'],"['GC', 'iEVT', 'dS3', 'uSMC', 'Endo_M', 'dS1', 'dS2']",(M+F)-(M+F),True
26,COL15A1_integrin_a2b1_complex,['COL15A1'],"['GC', 'iEVT']","['ITGB1', 'ITGA2']","['eEVT', 'Endo_M']",(M+F)-(M+F),True
27,COL15A1_integrin_a2b1_complex,"['ITGB1', 'ITGA2']",['eEVT'],['COL15A1'],"['GC', 'iEVT', 'dS3', 'uSMC', 'Endo_M', 'dS1', 'dS2']",(M+F)-(M+F),True
27,COL17A1_integrin_a11b1_complex,['COL17A1'],"['VCT_CCC', 'EVT_2', 'iEVT']","['ITGA11', 'ITGB1']","['EVT_2', 'iEVT', 'dS1', 'uSMC']",F-(M+F),True
28,COL17A1_integrin_a11b1_complex,"['ITGA11', 'ITGB1']","['EVT_2', 'iEVT']",['COL17A1'],"['VCT_CCC', 'EVT_2', 'iEVT']",(M+F)-F,True
28,COL17A1_integrin_a1b1_complex,['COL17A1'],"['VCT_CCC', 'EVT_2', 'iEVT']","['ITGB1', 'ITGA1']","['GC', 'eEVT', 'iEVT', 'dS3', 'uSMC']",(M+F)-(M+F),True
29,COL17A1_integrin_a1b1_complex,"['ITGB1', 'ITGA1']","['GC', 'eEVT', 'iEVT']",['COL17A1'],"['VCT_CCC', 'EVT_2', 'iEVT', 'Endo_M']",(M+F)-(M+F),True
29,COL17A1_integrin_a2b1_complex,['COL17A1'],"['VCT_CCC', 'EVT_2', 'iEVT']","['ITGB1', 'ITGA2']","['eEVT', 'Endo_M']",(M+F)-(M+F),True
30,COL17A1_integrin_a2b1_complex,"['ITGB1', 'ITGA2']",['eEVT'],['COL17A1'],"['VCT_CCC', 'EVT_2', 'iEVT', 'Endo_M']",(M+F)-(M+F),True
30,COL19A1_integrin_a11b1_complex,['COL19A1'],"['GC', 'eEVT']","['ITGA11', 'ITGB1']","['EVT_2', 'iEVT', 'dS1', 'uSMC']",F-(M+F),True
31,COL19A1_integrin_a11b1_complex,"['ITGA11', 'ITGB1']","['EVT_2', 'iEVT']",['COL19A1'],"['GC', 'eEVT']",(M+F)-F,True
31,COL19A1_integrin_a1b1_complex,['COL19A1'],"['GC', 'eEVT']","['ITGB1', 'ITGA1']","['GC', 'eEVT', 'iEVT', 'dS3', 'uSMC']",(M+F)-(M+F),True
32,COL19A1_integrin_a1b1_complex,"['ITGB1', 'ITGA1']","['GC', 'eEVT', 'iEVT']",['COL19A1'],"['GC', 'eEVT', 'dNK1', 'uSMC', 'Endo_M', 'dS1', 'dM2']",(M+F)-(M+F),True
32,COL19A1_integrin_a2b1_complex,['COL19A1'],"['GC', 'eEVT']","['ITGB1', 'ITGA2']","['eEVT', 'Endo_M']",(M+F)-(M+F),True
33,COL19A1_integrin_a2b1_complex,"['ITGB1', 'ITGA2']",['eEVT'],['COL19A1'],"['GC', 'eEVT', 'dNK1', 'uSMC', 'Endo_M', 'dS1', 'dM2']",(M+F)-(M+F),True
33,COL1A1_integrin_a11b1_complex,['COL1A1'],['GC'],"['ITGA11', 'ITGB1']","['EVT_2', 'iEVT', 'dS1', 'uSMC']",F-(M+F),True
34,COL1A1_integrin_a11b1_complex,"['ITGA11', 'ITGB1']","['EVT_2', 'iEVT']",['COL1A1'],['GC'],(M+F)-F,True
34,COL1A1_integrin_a1b1_complex,['COL1A1'],['GC'],"['ITGB1', 'ITGA1']","['GC', 'eEVT', 'iEVT', 'dS3', 'uSMC']",(M+F)-(M+F),True
35,COL1A1_integrin_a1b1_complex,"['ITGB1', 'ITGA1']","['GC', 'eEVT', 'iEVT']",['COL1A1'],"['GC', 'dS1', 'dS2', 'dS3', 'uSMC']",(M+F)-(M+F),True
35,COL1A1_integrin_a2b1_complex,['COL1A1'],['GC'],"['ITGB1', 'ITGA2']","['eEVT', 'Endo_M']",(M+F)-(M+F),True
36,COL1A1_integrin_a2b1_complex,"['ITGB1', 'ITGA2']",['eEVT'],['COL1A1'],"['GC', 'dS1', 'dS2', 'dS3', 'uSMC']",(M+F)-(M+F),True
36,COL1A2_integrin_a11b1_complex,['COL1A2'],['GC'],"['ITGA11', 'ITGB1']","['EVT_2', 'iEVT', 'dS1', 'uSMC']",F-(M+F),True
37,COL1A2_integrin_a11b1_complex,"['ITGA11', 'ITGB1']","['EVT_2', 'iEVT']",['COL1A2'],['GC'],(M+F)-F,True
37,COL1A2_integrin_a1b1_complex,['COL1A2'],['GC'],"['ITGB1', 'ITGA1']","['GC', 'eEVT', 'iEVT', 'dS3', 'uSMC']",(M+F)-(M+F),True
38,COL1A2_integrin_a1b1_complex,"['ITGB1', 'ITGA1']","['GC', 'eEVT', 'iEVT']",['COL1A2'],"['GC', 'dS1', 'dS2', 'dS3', 'uSMC']",(M+F)-(M+F),True
38,COL1A2_integrin_a2b1_complex,['COL1A2'],['GC'],"['ITGB1', 'ITGA2']","['eEVT', 'Endo_M']",(M+F)-(M+F),True
39,COL1A2_integrin_a2b1_complex,"['ITGB1', 'ITGA2']",['eEVT'],['COL1A2'],"['GC', 'dS1', 'dS2', 'dS3', 'uSMC']",(M+F)-(M+F),True
39,COL21A1_integrin_a11b1_complex,['COL21A1'],['eEVT'],"['ITGA11', 'ITGB1']","['EVT_2', 'iEVT', 'dS1', 'uSMC']",F-(M+F),True
40,COL21A1_integrin_a11b1_complex,"['ITGA11', 'ITGB1']","['EVT_2', 'iEVT']",['COL21A1'],['eEVT'],(M+F)-F,True
40,COL21A1_integrin_a1b1_complex,['COL21A1'],['eEVT'],"['ITGB1', 'ITGA1']","['GC', 'eEVT', 'iEVT', 'dS3', 'uSMC']",(M+F)-(M+F),True
41,COL21A1_integrin_a1b1_complex,"['ITGB1', 'ITGA1']","['GC', 'eEVT', 'iEVT']",['COL21A1'],"['eEVT', 'dS1', 'uSMC', 'Endo_M']",(M+F)-(M+F),True
41,COL21A1_integrin_a2b1_complex,['COL21A1'],['eEVT'],"['ITGB1', 'ITGA2']","['eEVT', 'Endo_M']",(M+F)-(M+F),True
42,COL21A1_integrin_a2b1_complex,"['ITGB1', 'ITGA2']",['eEVT'],['COL21A1'],"['eEVT', 'dS1', 'uSMC', 'Endo_M']",(M+F)-(M+F),True
42,COL26A1_integrin_a11b1_complex,['COL26A1'],"['GC', 'eEVT']","['ITGA11', 'ITGB1']","['EVT_2', 'iEVT', 'dS1', 'uSMC']",F-(M+F),True
43,COL26A1_integrin_a11b1_complex,"['ITGA11', 'ITGB1']","['EVT_2', 'iEVT']",['COL26A1'],"['GC', 'eEVT']",(M+F)-F,True
43,COL26A1_integrin_a1b1_complex,['COL26A1'],"['GC', 'eEVT']","['ITGB1', 'ITGA1']","['GC', 'eEVT', 'iEVT', 'dS3', 'uSMC']",(M+F)-(M+F),True
44,COL26A1_integrin_a1b1_complex,"['ITGB1', 'ITGA1']","['GC', 'eEVT', 'iEVT']",['COL26A1'],"['GC', 'eEVT', 'dS1', 'dS2', 'dS3', 'uSMC']",(M+F)-(M+F),True
44,COL26A1_integrin_a2b1_complex,['COL26A1'],"['GC', 'eEVT']","['ITGB1', 'ITGA2']","['eEVT', 'Endo_M']",(M+F)-(M+F),True
45,COL26A1_integrin_a2b1_complex,"['ITGB1', 'ITGA2']",['eEVT'],['COL26A1'],"['GC', 'eEVT', 'dS1', 'dS2', 'dS3', 'uSMC']",(M+F)-(M+F),True
45,COL27A1_integrin_a11b1_complex,['COL27A1'],"['iEVT', 'EVT_2', 'eEVT', 'GC']","['ITGA11', 'ITGB1']","['EVT_2', 'iEVT', 'dS1', 'uSMC']",F-(M+F),True
46,COL27A1_integrin_a11b1_complex,"['ITGA11', 'ITGB1']","['EVT_2', 'iEVT']",['COL27A1'],"['iEVT', 'EVT_2', 'eEVT', 'GC']",(M+F)-F,True
46,COL27A1_integrin_a1b1_complex,['COL27A1'],"['iEVT', 'EVT_2', 'eEVT', 'GC']","['ITGB1', 'ITGA1']","['GC', 'eEVT', 'iEVT', 'dS3', 'uSMC']",(M+F)-(M+F),True
47,COL27A1_integrin_a1b1_complex,"['ITGB1', 'ITGA1']","['GC', 'eEVT', 'iEVT']",['COL27A1'],"['iEVT', 'EVT_2', 'eEVT', 'GC', 'dS1', 'dS2', 'uSMC']",(M+F)-(M+F),True
47,COL27A1_integrin_a2b1_complex,['COL27A1'],"['iEVT', 'EVT_2', 'eEVT', 'GC']","['ITGB1', 'ITGA2']","['eEVT', 'Endo_M']",(M+F)-(M+F),True
48,COL27A1_integrin_a2b1_complex,"['ITGB1', 'ITGA2']",['eEVT'],['COL27A1'],"['iEVT', 'EVT_2', 'eEVT', 'GC', 'dS1', 'dS2', 'uSMC']",(M+F)-(M+F),True
48,COL3A1_integrin_a11b1_complex,['COL3A1'],"['GC', 'EVT_2', 'iEVT']","['ITGA11', 'ITGB1']","['EVT_2', 'iEVT', 'dS1', 'uSMC']",F-(M+F),True
49,COL3A1_integrin_a11b1_complex,"['ITGA11', 'ITGB1']","['EVT_2', 'iEVT']",['COL3A1'],"['GC', 'EVT_2', 'iEVT']",(M+F)-F,True
49,COL3A1_integrin_a1b1_complex,['COL3A1'],"['GC', 'EVT_2', 'iEVT']","['ITGB1', 'ITGA1']","['GC', 'eEVT', 'iEVT', 'dS3', 'uSMC']",(M+F)-(M+F),True
50,COL3A1_integrin_a1b1_complex,"['ITGB1', 'ITGA1']","['GC', 'eEVT', 'iEVT']",['COL3A1'],"['GC', 'EVT_2', 'iEVT', 'dS3', 'uSMC', 'Endo_M', 'dS1', 'dS2']",(M+F)-(M+F),True
50,COL3A1_integrin_a2b1_complex,['COL3A1'],"['GC', 'EVT_2', 'iEVT']","['ITGB1', 'ITGA2']","['eEVT', 'Endo_M']",(M+F)-(M+F),True
51,COL3A1_integrin_a2b1_complex,"['ITGB1', 'ITGA2']",['eEVT'],['COL3A1'],"['GC', 'EVT_2', 'iEVT', 'dS3', 'uSMC', 'Endo_M', 'dS1', 'dS2']",(M+F)-(M+F),True
51,COL4A1_integrin_a11b1_complex,['COL4A1'],"['iEVT', 'EVT_2', 'eEVT', 'GC']","['ITGA11', 'ITGB1']","['EVT_2', 'iEVT', 'dS1', 'uSMC']",F-(M+F),True
52,COL4A1_integrin_a11b1_complex,"['ITGA11', 'ITGB1']","['EVT_2', 'iEVT']",['COL4A1'],"['iEVT', 'EVT_2', 'eEVT', 'GC']",(M+F)-F,True
52,COL4A1_integrin_a1b1_complex,['COL4A1'],"['iEVT', 'EVT_2', 'eEVT', 'GC']","['ITGB1', 'ITGA1']","['GC', 'eEVT', 'iEVT', 'dS3', 'uSMC']",(M+F)-(M+F),True
53,COL4A1_integrin_a1b1_complex,"['ITGB1', 'ITGA1']","['GC', 'eEVT', 'iEVT']",['COL4A1'],"['iEVT', 'EVT_2', 'eEVT', 'GC', 'dS3', 'uSMC', 'Endo_M', 'dS1', 'dS2']",(M+F)-(M+F),True
53,COL4A1_integrin_a2b1_complex,['COL4A1'],"['iEVT', 'EVT_2', 'eEVT', 'GC']","['ITGB1', 'ITGA2']","['eEVT', 'Endo_M']",(M+F)-(M+F),True
54,COL4A1_integrin_a2b1_complex,"['ITGB1', 'ITGA2']",['eEVT'],['COL4A1'],"['iEVT', 'EVT_2', 'eEVT', 'GC', 'dS3', 'uSMC', 'Endo_M', 'dS1', 'dS2']",(M+F)-(M+F),True
54,COL4A2_integrin_a11b1_complex,['COL4A2'],"['iEVT', 'EVT_2', 'eEVT', 'GC']","['ITGA11', 'ITGB1']","['EVT_2', 'iEVT', 'dS1', 'uSMC']",F-(M+F),True
55,COL4A2_integrin_a11b1_complex,"['ITGA11', 'ITGB1']","['EVT_2', 'iEVT']",['COL4A2'],"['iEVT', 'EVT_2', 'eEVT', 'GC']",(M+F)-F,True
55,COL4A2_integrin_a1b1_complex,['COL4A2'],"['iEVT', 'EVT_2', 'eEVT', 'GC']","['ITGB1', 'ITGA1']","['GC', 'eEVT', 'iEVT', 'dS3', 'uSMC']",(M+F)-(M+F),True
56,COL4A2_integrin_a1b1_complex,"['ITGB1', 'ITGA1']","['GC', 'eEVT', 'iEVT']",['COL4A2'],"['iEVT', 'EVT_2', 'eEVT', 'GC', 'dS3', 'uSMC', 'Endo_M', 'dS1', 'dS2']",(M+F)-(M+F),True
56,COL4A2_integrin_a2b1_complex,['COL4A2'],"['iEVT', 'EVT_2', 'eEVT', 'GC']","['ITGB1', 'ITGA2']","['eEVT', 'Endo_M']",(M+F)-(M+F),True
57,COL4A2_integrin_a2b1_complex,"['ITGB1', 'ITGA2']",['eEVT'],['COL4A2'],"['iEVT', 'EVT_2', 'eEVT', 'GC', 'dS3', 'uSMC', 'Endo_M', 'dS1', 'dS2']",(M+F)-(M+F),True
57,COL5A1_integrin_a11b1_complex,['COL5A1'],"['GC', 'EVT_2', 'iEVT']","['ITGA11', 'ITGB1']","['EVT_2', 'iEVT', 'dS1', 'uSMC']",F-(M+F),True
58,COL5A1_integrin_a11b1_complex,"['ITGA11', 'ITGB1']","['EVT_2', 'iEVT']",['COL5A1'],"['GC', 'EVT_2', 'iEVT']",(M+F)-F,True
58,COL5A1_integrin_a1b1_complex,['COL5A1'],"['GC', 'EVT_2', 'iEVT']","['ITGB1', 'ITGA1']","['GC', 'eEVT', 'iEVT', 'dS3', 'uSMC']",(M+F)-(M+F),True
59,COL5A1_integrin_a1b1_complex,"['ITGB1', 'ITGA1']","['GC', 'eEVT', 'iEVT']",['COL5A1'],"['GC', 'EVT_2', 'iEVT', 'dS1', 'dS2', 'dS3', 'uSMC']",(M+F)-(M+F),True
59,COL5A1_integrin_a2b1_complex,['COL5A1'],"['GC', 'EVT_2', 'iEVT']","['ITGB1', 'ITGA2']","['eEVT', 'Endo_M']",(M+F)-(M+F),True
60,COL5A1_integrin_a2b1_complex,"['ITGB1', 'ITGA2']",['eEVT'],['COL5A1'],"['GC', 'EVT_2', 'iEVT', 'dS1', 'dS2', 'dS3', 'uSMC']",(M+F)-(M+F),True
60,COL5A2_integrin_a11b1_complex,['COL5A2'],['GC'],"['ITGA11', 'ITGB1']","['EVT_2', 'iEVT', 'dS1', 'uSMC']",F-(M+F),True
61,COL5A2_integrin_a11b1_complex,"['ITGA11', 'ITGB1']","['EVT_2', 'iEVT']",['COL5A2'],['GC'],(M+F)-F,True
61,COL5A2_integrin_a1b1_complex,['COL5A2'],['GC'],"['ITGB1', 'ITGA1']","['GC', 'eEVT', 'iEVT', 'dS3', 'uSMC']",(M+F)-(M+F),True
62,COL5A2_integrin_a1b1_complex,"['ITGB1', 'ITGA1']","['GC', 'eEVT', 'iEVT']",['COL5A2'],"['GC', 'dS1', 'dS2', 'dS3', 'uSMC']",(M+F)-(M+F),True
62,COL5A2_integrin_a2b1_complex,['COL5A2'],['GC'],"['ITGB1', 'ITGA2']","['eEVT', 'Endo_M']",(M+F)-(M+F),True
63,COL5A2_integrin_a2b1_complex,"['ITGB1', 'ITGA2']",['eEVT'],['COL5A2'],"['GC', 'dS1', 'dS2', 'dS3', 'uSMC']",(M+F)-(M+F),True
63,COL6A1_integrin_a11b1_complex,['COL6A1'],"['GC', 'eEVT']","['ITGA11', 'ITGB1']","['EVT_2', 'iEVT', 'dS1', 'uSMC']",F-(M+F),True
64,COL6A1_integrin_a11b1_complex,"['ITGA11', 'ITGB1']","['EVT_2', 'iEVT']",['COL6A1'],"['GC', 'eEVT']",(M+F)-F,True
64,COL6A1_integrin_a1b1_complex,['COL6A1'],"['GC', 'eEVT']","['ITGB1', 'ITGA1']","['GC', 'eEVT', 'iEVT', 'dS3', 'uSMC']",(M+F)-(M+F),True
65,COL6A1_integrin_a1b1_complex,"['ITGB1', 'ITGA1']","['GC', 'eEVT', 'iEVT']",['COL6A1'],"['GC', 'eEVT', 'dS1', 'dS2', 'dS3', 'uSMC']",(M+F)-(M+F),True
65,COL6A1_integrin_a2b1_complex,['COL6A1'],"['GC', 'eEVT']","['ITGB1', 'ITGA2']","['eEVT', 'Endo_M']",(M+F)-(M+F),True
66,COL6A1_integrin_a2b1_complex,"['ITGB1', 'ITGA2']",['eEVT'],['COL6A1'],"['GC', 'eEVT', 'dS1', 'dS2', 'dS3', 'uSMC']",(M+F)-(M+F),True
66,COL6A2_integrin_a11b1_complex,['COL6A2'],"['GC', 'iEVT']","['ITGA11', 'ITGB1']","['EVT_2', 'iEVT', 'dS1', 'uSMC']",F-(M+F),True
67,COL6A2_integrin_a11b1_complex,"['ITGA11', 'ITGB1']","['EVT_2', 'iEVT']",['COL6A2'],"['GC', 'iEVT']",(M+F)-F,True
67,COL6A2_integrin_a1b1_complex,['COL6A2'],"['GC', 'iEVT']","['ITGB1', 'ITGA1']","['GC', 'eEVT', 'iEVT', 'dS3', 'uSMC']",(M+F)-(M+F),True
68,COL6A2_integrin_a1b1_complex,"['ITGB1', 'ITGA1']","['GC', 'eEVT', 'iEVT']",['COL6A2'],"['GC', 'iEVT', 'dS3', 'uSMC', 'Endo_M', 'dS1', 'dS2']",(M+F)-(M+F),True
68,COL6A2_integrin_a2b1_complex,['COL6A2'],"['GC', 'iEVT']","['ITGB1', 'ITGA2']","['eEVT', 'Endo_M']",(M+F)-(M+F),True
69,COL6A2_integrin_a2b1_complex,"['ITGB1', 'ITGA2']",['eEVT'],['COL6A2'],"['GC', 'iEVT', 'dS3', 'uSMC', 'Endo_M', 'dS1', 'dS2']",(M+F)-(M+F),True
69,COL9A3_integrin_a11b1_complex,['COL9A3'],"['VCT_CCC', 'EVT_2', 'eEVT', 'EVT_1']","['ITGA11', 'ITGB1']","['EVT_2', 'iEVT', 'dS1', 'uSMC']",F-(M+F),True
70,COL9A3_integrin_a11b1_complex,"['ITGA11', 'ITGB1']","['EVT_2', 'iEVT']",['COL9A3'],"['VCT_CCC', 'EVT_2', 'eEVT', 'EVT_1']",(M+F)-F,True
70,COL9A3_integrin_a1b1_complex,['COL9A3'],"['VCT_CCC', 'EVT_2', 'eEVT', 'EVT_1']","['ITGB1', 'ITGA1']","['GC', 'eEVT', 'iEVT', 'dS3', 'uSMC']",(M+F)-(M+F),True
71,COL9A3_integrin_a1b1_complex,"['ITGB1', 'ITGA1']","['GC', 'eEVT', 'iEVT']",['COL9A3'],"['VCT_CCC', 'EVT_2', 'eEVT', 'EVT_1', 'dNK2', 'dNK3', 'Endo_M', 'dNK1']",(M+F)-(M+F),True
71,COL9A3_integrin_a2b1_complex,['COL9A3'],"['VCT_CCC', 'EVT_2', 'eEVT', 'EVT_1']","['ITGB1', 'ITGA2']","['eEVT', 'Endo_M']",(M+F)-(M+F),True
72,COL9A3_integrin_a2b1_complex,"['ITGB1', 'ITGA2']",['eEVT'],['COL9A3'],"['VCT_CCC', 'EVT_2', 'eEVT', 'EVT_1', 'dNK2', 'dNK3', 'Endo_M', 'dNK1']",(M+F)-(M+F),True
72,F11R_integrin_aLb2_complex,['F11R'],"['GC', 'eEVT']","['ITGAL', 'ITGB2']","['dNK2', 'dNK3', 'dM1']",F-(M+F),True
73,F11R_integrin_aLb2_complex,"['ITGAL', 'ITGB2']",[],['F11R'],"['GC', 'eEVT']",(M+F)-F,True
73,FBN1_integrin_a5b1_complex,['FBN1'],"['GC', 'iEVT']","['ITGA5', 'ITGB1']","['GC', 'EVT_2', 'iEVT', 'dS1', 'dS2', 'uSMC', 'Endo_M']",(M+F)-(M+F),True
74,FBN1_integrin_a5b1_complex,"['ITGA5', 'ITGB1']","['GC', 'EVT_2', 'iEVT']",['FBN1'],"['GC', 'iEVT', 'dS3', 'uSMC', 'Endo_M', 'dS1', 'dS2']",(M+F)-(M+F),True
74,FLT1_complex_PGF,"['FLT1', 'KDR']","['EVT_2', 'iEVT']",['PGF'],"['EVT_1', 'EVT_2', 'GC', 'dS1', 'dM2', 'uSMC', 'Endo_M']",(M+F)-(M+F),False
75,FLT1_complex_PGF,['PGF'],"['EVT_1', 'EVT_2', 'GC']","['FLT1', 'KDR']","['EVT_2', 'iEVT', 'uSMC', 'Endo_M']",(M+F)-(M+F),False
75,FLT1_complex_VEGFB,"['FLT1', 'KDR']","['EVT_2', 'iEVT']",['VEGFB'],"['VCT_CCC', 'iEVT', 'GC', 'dS2', 'dS3', 'dM1', 'dS1', 'dM2']",(M+F)-(M+F),False
76,FLT1_complex_VEGFB,['VEGFB'],"['VCT_CCC', 'iEVT', 'GC']","['FLT1', 'KDR']","['EVT_2', 'iEVT', 'uSMC', 'Endo_M']",(M+F)-(M+F),False
76,FN1_integrin_a11b1_complex,['FN1'],"['GC', 'EVT_2', 'iEVT']","['ITGA11', 'ITGB1']","['EVT_2', 'iEVT', 'dS1', 'uSMC']",F-(M+F),True
77,FN1_integrin_a11b1_complex,"['ITGA11', 'ITGB1']","['EVT_2', 'iEVT']",['FN1'],"['GC', 'EVT_2', 'iEVT']",(M+F)-F,True
77,FN1_integrin_a2b1_complex,['FN1'],"['GC', 'EVT_2', 'iEVT']","['ITGB1', 'ITGA2']","['eEVT', 'Endo_M']",(M+F)-(M+F),True
78,FN1_integrin_a2b1_complex,"['ITGB1', 'ITGA2']",['eEVT'],['FN1'],"['GC', 'EVT_2', 'iEVT', 'dS1', 'dS2', 'uSMC', 'Endo_M']",(M+F)-(M+F),True
78,FN1_integrin_a3b1_complex,['FN1'],"['GC', 'EVT_2', 'iEVT']","['ITGB1', 'ITGA3']","['GC', 'eEVT', 'dS2', 'dS3', 'uSMC', 'Endo_M']",(M+F)-(M+F),True
79,FN1_integrin_a3b1_complex,"['ITGB1', 'ITGA3']","['GC', 'eEVT']",['FN1'],"['GC', 'EVT_2', 'iEVT', 'dS1', 'dS2', 'uSMC', 'Endo_M']",(M+F)-(M+F),True
79,FN1_integrin_a4b1_complex,['FN1'],"['GC', 'EVT_2', 'iEVT']","['ITGB1', 'ITGA4']","['eEVT', 'EVT_2', 'iEVT']",F-(M+F),True
80,FN1_integrin_a4b1_complex,"['ITGB1', 'ITGA4']","['eEVT', 'EVT_2', 'iEVT']",['FN1'],"['GC', 'EVT_2', 'iEVT']",(M+F)-F,True
80,FN1_integrin_a4b7_complex,['FN1'],"['GC', 'EVT_2', 'iEVT']","['ITGB7', 'ITGA4']","['EVT_2', 'iEVT', 'dNK2', 'dNK3']",F-(M+F),True
81,FN1_integrin_a4b7_complex,"['ITGB7', 'ITGA4']","['EVT_2', 'iEVT']",['FN1'],"['GC', 'EVT_2', 'iEVT']",(M+F)-F,True
81,FN1_integrin_a5b1_complex,['FN1'],"['GC', 'EVT_2', 'iEVT']","['ITGA5', 'ITGB1']","['GC', 'EVT_2', 'iEVT', 'dS1', 'dS2', 'uSMC', 'Endo_M']",(M+F)-(M+F),True
82,FN1_integrin_a5b1_complex,"['ITGA5', 'ITGB1']","['GC', 'EVT_2', 'iEVT']",['FN1'],"['GC', 'EVT_2', 'iEVT', 'dS1', 'dS2', 'uSMC', 'Endo_M']",(M+F)-(M+F),True
82,FN1_integrin_a8b1_complex,['FN1'],"['GC', 'EVT_2', 'iEVT']","['ITGB1', 'ITGA8']","['EVT_2', 'iEVT', 'dS1', 'uSMC', 'Endo_M']",F-(M+F),True
83,FN1_integrin_a8b1_complex,"['ITGB1', 'ITGA8']","['EVT_2', 'iEVT']",['FN1'],"['GC', 'EVT_2', 'iEVT']",(M+F)-F,True
83,FN1_integrin_aVb1_complex,['FN1'],"['GC', 'EVT_2', 'iEVT']","['ITGB1', 'ITGAV']","['GC', 'eEVT', 'iEVT', 'dS3', 'Endo_M', 'dS1', 'uSMC', 'dS2']",F-(M+F),True
84,FN1_integrin_aVb1_complex,"['ITGB1', 'ITGAV']","['GC', 'eEVT', 'iEVT']",['FN1'],"['GC', 'EVT_2', 'iEVT']",(M+F)-F,True
84,FN1_integrin_aVb5_complex,['FN1'],"['GC', 'EVT_2', 'iEVT']","['ITGB5', 'ITGAV']","['VCT_CCC', 'GC', 'dM2', 'dS2', 'dS3']",F-(M+F),True
85,FN1_integrin_aVb5_complex,"['ITGB5', 'ITGAV']","['VCT_CCC', 'GC']",['FN1'],"['GC', 'EVT_2', 'iEVT']",(M+F)-F,True
85,FZD1_LRP6_WNT6,"['LRP6', 'FZD1']",[],['WNT6'],['VCT_CCC'],(M+F)-F,False
86,FZD1_LRP6_WNT6,['WNT6'],['VCT_CCC'],"['LRP6', 'FZD1']","['dS1', 'dS2']",F-(M+F),False
86,FZD1_LRP6_WNT7A,"['LRP6', 'FZD1']",[],['WNT7A'],"['VCT_CCC', 'EVT_2', 'EVT_1']",(M+F)-F,False
87,FZD1_LRP6_WNT7A,['WNT7A'],"['VCT_CCC', 'EVT_2', 'EVT_1']","['LRP6', 'FZD1']","['dS1', 'dS2']",F-(M+F),False
87,FZD2_LRP5_WNT2B,"['FZD2', 'LRP5']",['VCT_CCC'],['WNT2B'],"['GC', 'iEVT']",(M+F)-F,False
88,FZD2_LRP5_WNT2B,['WNT2B'],"['GC', 'iEVT']","['FZD2', 'LRP5']","['VCT_CCC', 'dS1']",F-(M+F),False
88,FZD2_LRP5_WNT6,"['FZD2', 'LRP5']",['VCT_CCC'],['WNT6'],['VCT_CCC'],(M+F)-F,False
89,FZD2_LRP5_WNT6,['WNT6'],['VCT_CCC'],"['FZD2', 'LRP5']","['VCT_CCC', 'dS1']",F-(M+F),False
89,FZD2_LRP5_WNT7A,"['FZD2', 'LRP5']",['VCT_CCC'],['WNT7A'],"['VCT_CCC', 'EVT_2', 'EVT_1']",(M+F)-F,False
90,FZD2_LRP5_WNT7A,['WNT7A'],"['VCT_CCC', 'EVT_2', 'EVT_1']","['FZD2', 'LRP5']","['VCT_CCC', 'dS1']",F-(M+F),False
90,FZD2_LRP6_WNT2B,"['LRP6', 'FZD2']","['VCT_CCC', 'iEVT']",['WNT2B'],"['GC', 'iEVT']",(M+F)-F,False
91,FZD2_LRP6_WNT2B,['WNT2B'],"['GC', 'iEVT']","['LRP6', 'FZD2']","['VCT_CCC', 'iEVT', 'dS1', 'dS2']",F-(M+F),False
91,FZD2_LRP6_WNT6,"['LRP6', 'FZD2']","['VCT_CCC', 'iEVT']",['WNT6'],['VCT_CCC'],(M+F)-F,False
92,FZD2_LRP6_WNT6,['WNT6'],['VCT_CCC'],"['LRP6', 'FZD2']","['VCT_CCC', 'iEVT', 'dS1', 'dS2']",F-(M+F),False
92,FZD2_LRP6_WNT7A,"['LRP6', 'FZD2']","['VCT_CCC', 'iEVT']",['WNT7A'],"['VCT_CCC', 'EVT_2', 'EVT_1']",(M+F)-F,False
93,FZD2_LRP6_WNT7A,['WNT7A'],"['VCT_CCC', 'EVT_2', 'EVT_1']","['LRP6', 'FZD2']","['VCT_CCC', 'iEVT', 'dS1', 'dS2']",F-(M+F),False
93,FZD3_LRP5_WNT2B,"['FZD3', 'LRP5']",['VCT_CCC'],['WNT2B'],"['GC', 'iEVT']",(M+F)-F,False
94,FZD3_LRP5_WNT2B,['WNT2B'],"['GC', 'iEVT']","['FZD3', 'LRP5']","['VCT_CCC', 'dS1', 'uSMC']",F-(M+F),False
94,FZD3_LRP5_WNT6,"['FZD3', 'LRP5']",['VCT_CCC'],['WNT6'],['VCT_CCC'],(M+F)-F,False
95,FZD3_LRP5_WNT6,['WNT6'],['VCT_CCC'],"['FZD3', 'LRP5']","['VCT_CCC', 'dS1', 'uSMC']",F-(M+F),False
95,FZD3_LRP5_WNT7A,"['FZD3', 'LRP5']",['VCT_CCC'],['WNT7A'],"['VCT_CCC', 'EVT_2', 'EVT_1']",(M+F)-F,False
96,FZD3_LRP5_WNT7A,['WNT7A'],"['VCT_CCC', 'EVT_2', 'EVT_1']","['FZD3', 'LRP5']","['VCT_CCC', 'dS1', 'uSMC']",F-(M+F),False
96,FZD3_LRP6_WNT2B,"['LRP6', 'FZD3']",['VCT_CCC'],['WNT2B'],"['GC', 'iEVT']",(M+F)-F,False
97,FZD3_LRP6_WNT2B,['WNT2B'],"['GC', 'iEVT']","['LRP6', 'FZD3']","['VCT_CCC', 'dS1', 'dS2', 'uSMC']",F-(M+F),False
97,FZD3_LRP6_WNT6,"['LRP6', 'FZD3']",['VCT_CCC'],['WNT6'],['VCT_CCC'],(M+F)-F,False
98,FZD3_LRP6_WNT6,['WNT6'],['VCT_CCC'],"['LRP6', 'FZD3']","['VCT_CCC', 'dS1', 'dS2', 'uSMC']",F-(M+F),False
98,FZD3_LRP6_WNT7A,"['LRP6', 'FZD3']",['VCT_CCC'],['WNT7A'],"['VCT_CCC', 'EVT_2', 'EVT_1']",(M+F)-F,False
99,FZD3_LRP6_WNT7A,['WNT7A'],"['VCT_CCC', 'EVT_2', 'EVT_1']","['LRP6', 'FZD3']","['VCT_CCC', 'dS1', 'dS2', 'uSMC']",F-(M+F),False
99,FZD4_LRP5_WNT2B,"['FZD4', 'LRP5']",[],['WNT2B'],"['GC', 'iEVT']",(M+F)-F,False
100,FZD4_LRP5_WNT2B,['WNT2B'],"['GC', 'iEVT']","['FZD4', 'LRP5']",['Endo_M'],F-(M+F),False
100,FZD4_LRP5_WNT6,"['FZD4', 'LRP5']",[],['WNT6'],['VCT_CCC'],(M+F)-F,False
101,FZD4_LRP5_WNT6,['WNT6'],['VCT_CCC'],"['FZD4', 'LRP5']",['Endo_M'],F-(M+F),False
101,FZD4_LRP5_WNT7A,"['FZD4', 'LRP5']",[],['WNT7A'],"['VCT_CCC', 'EVT_2', 'EVT_1']",(M+F)-F,False
102,FZD4_LRP5_WNT7A,['WNT7A'],"['VCT_CCC', 'EVT_2', 'EVT_1']","['FZD4', 'LRP5']",['Endo_M'],F-(M+F),False
102,FZD4_LRP6_WNT2B,"['LRP6', 'FZD4']",['eEVT'],['WNT2B'],"['GC', 'iEVT']",(M+F)-F,False
103,FZD4_LRP6_WNT2B,['WNT2B'],"['GC', 'iEVT']","['LRP6', 'FZD4']","['eEVT', 'dS2', 'Endo_M']",F-(M+F),False
103,FZD4_LRP6_WNT6,"['LRP6', 'FZD4']",['eEVT'],['WNT6'],['VCT_CCC'],(M+F)-F,False
104,FZD4_LRP6_WNT6,['WNT6'],['VCT_CCC'],"['LRP6', 'FZD4']","['eEVT', 'dS2', 'Endo_M']",F-(M+F),False
104,FZD4_LRP6_WNT7A,"['LRP6', 'FZD4']",['eEVT'],['WNT7A'],"['VCT_CCC', 'EVT_2', 'EVT_1']",(M+F)-F,False
105,FZD4_LRP6_WNT7A,['WNT7A'],"['VCT_CCC', 'EVT_2', 'EVT_1']","['LRP6', 'FZD4']","['eEVT', 'dS2', 'Endo_M']",F-(M+F),False
105,FZD5_LRP5_WNT2B,"['FZD5', 'LRP5']",['VCT_CCC'],['WNT2B'],"['GC', 'iEVT']",(M+F)-F,False
106,FZD5_LRP5_WNT2B,['WNT2B'],"['GC', 'iEVT']","['FZD5', 'LRP5']","['VCT_CCC', 'uSMC', 'Endo_M']",F-(M+F),False
106,FZD5_LRP5_WNT6,"['FZD5', 'LRP5']",['VCT_CCC'],['WNT6'],['VCT_CCC'],(M+F)-F,False
107,FZD5_LRP5_WNT6,['WNT6'],['VCT_CCC'],"['FZD5', 'LRP5']","['VCT_CCC', 'uSMC', 'Endo_M']",F-(M+F),False
107,FZD5_LRP5_WNT7A,"['FZD5', 'LRP5']",['VCT_CCC'],['WNT7A'],"['VCT_CCC', 'EVT_2', 'EVT_1']",(M+F)-F,False
108,FZD5_LRP5_WNT7A,['WNT7A'],"['VCT_CCC', 'EVT_2', 'EVT_1']","['FZD5', 'LRP5']","['VCT_CCC', 'uSMC', 'Endo_M']",F-(M+F),False
108,FZD5_LRP6_WNT2B,"['LRP6', 'FZD5']",['VCT_CCC'],['WNT2B'],"['GC', 'iEVT']",(M+F)-F,False
109,FZD5_LRP6_WNT2B,['WNT2B'],"['GC', 'iEVT']","['LRP6', 'FZD5']","['VCT_CCC', 'uSMC', 'Endo_M']",F-(M+F),False
109,FZD5_LRP6_WNT6,"['LRP6', 'FZD5']",['VCT_CCC'],['WNT6'],['VCT_CCC'],(M+F)-F,False
110,FZD5_LRP6_WNT6,['WNT6'],['VCT_CCC'],"['LRP6', 'FZD5']","['VCT_CCC', 'uSMC', 'Endo_M']",F-(M+F),False
110,FZD5_LRP6_WNT7A,"['LRP6', 'FZD5']",['VCT_CCC'],['WNT7A'],"['VCT_CCC', 'EVT_2', 'EVT_1']",(M+F)-F,False
111,FZD5_LRP6_WNT7A,['WNT7A'],"['VCT_CCC', 'EVT_2', 'EVT_1']","['LRP6', 'FZD5']","['VCT_CCC', 'uSMC', 'Endo_M']",F-(M+F),False
111,FZD6_LRP5_WNT2B,"['FZD6', 'LRP5']",['VCT_CCC'],['WNT2B'],"['GC', 'iEVT']",(M+F)-F,False
112,FZD6_LRP5_WNT2B,['WNT2B'],"['GC', 'iEVT']","['FZD6', 'LRP5']","['VCT_CCC', 'uSMC', 'Endo_M']",F-(M+F),False
112,FZD6_LRP5_WNT6,"['FZD6', 'LRP5']",['VCT_CCC'],['WNT6'],['VCT_CCC'],(M+F)-F,False
113,FZD6_LRP5_WNT6,['WNT6'],['VCT_CCC'],"['FZD6', 'LRP5']","['VCT_CCC', 'uSMC', 'Endo_M']",F-(M+F),False
113,FZD6_LRP5_WNT7A,"['FZD6', 'LRP5']",['VCT_CCC'],['WNT7A'],"['VCT_CCC', 'EVT_2', 'EVT_1']",(M+F)-F,False
114,FZD6_LRP5_WNT7A,['WNT7A'],"['VCT_CCC', 'EVT_2', 'EVT_1']","['FZD6', 'LRP5']","['VCT_CCC', 'uSMC', 'Endo_M']",F-(M+F),False
114,FZD6_LRP6_WNT2B,"['LRP6', 'FZD6']","['VCT_CCC', 'iEVT']",['WNT2B'],"['GC', 'iEVT']",(M+F)-F,False
115,FZD6_LRP6_WNT2B,['WNT2B'],"['GC', 'iEVT']","['LRP6', 'FZD6']","['VCT_CCC', 'iEVT', 'uSMC', 'Endo_M']",F-(M+F),False
115,FZD6_LRP6_WNT6,"['LRP6', 'FZD6']","['VCT_CCC', 'iEVT']",['WNT6'],['VCT_CCC'],(M+F)-F,False
116,FZD6_LRP6_WNT6,['WNT6'],['VCT_CCC'],"['LRP6', 'FZD6']","['VCT_CCC', 'iEVT', 'uSMC', 'Endo_M']",F-(M+F),False
116,FZD6_LRP6_WNT7A,"['LRP6', 'FZD6']","['VCT_CCC', 'iEVT']",['WNT7A'],"['VCT_CCC', 'EVT_2', 'EVT_1']",(M+F)-F,False
117,FZD6_LRP6_WNT7A,['WNT7A'],"['VCT_CCC', 'EVT_2', 'EVT_1']","['LRP6', 'FZD6']","['VCT_CCC', 'iEVT', 'uSMC', 'Endo_M']",F-(M+F),False
117,FZD7_LRP5_WNT2B,"['FZD7', 'LRP5']",['VCT_CCC'],['WNT2B'],"['GC', 'iEVT']",(M+F)-F,False
118,FZD7_LRP5_WNT2B,['WNT2B'],"['GC', 'iEVT']","['FZD7', 'LRP5']","['VCT_CCC', 'dS1', 'uSMC', 'Endo_M']",F-(M+F),False
118,FZD7_LRP5_WNT6,"['FZD7', 'LRP5']",['VCT_CCC'],['WNT6'],['VCT_CCC'],(M+F)-F,False
119,FZD7_LRP5_WNT6,['WNT6'],['VCT_CCC'],"['FZD7', 'LRP5']","['VCT_CCC', 'dS1', 'uSMC', 'Endo_M']",F-(M+F),False
119,FZD7_LRP5_WNT7A,"['FZD7', 'LRP5']",['VCT_CCC'],['WNT7A'],"['VCT_CCC', 'EVT_2', 'EVT_1']",(M+F)-F,False
120,FZD7_LRP5_WNT7A,['WNT7A'],"['VCT_CCC', 'EVT_2', 'EVT_1']","['FZD7', 'LRP5']","['VCT_CCC', 'dS1', 'uSMC', 'Endo_M']",F-(M+F),False
120,FZD7_LRP6_WNT2B,"['LRP6', 'FZD7']",['VCT_CCC'],['WNT2B'],"['GC', 'iEVT']",(M+F)-F,False
121,FZD7_LRP6_WNT2B,['WNT2B'],"['GC', 'iEVT']","['LRP6', 'FZD7']","['VCT_CCC', 'dS1', 'uSMC', 'Endo_M']",F-(M+F),False
121,FZD7_LRP6_WNT6,"['LRP6', 'FZD7']",['VCT_CCC'],['WNT6'],['VCT_CCC'],(M+F)-F,False
122,FZD7_LRP6_WNT6,['WNT6'],['VCT_CCC'],"['LRP6', 'FZD7']","['VCT_CCC', 'dS1', 'uSMC', 'Endo_M']",F-(M+F),False
122,FZD7_LRP6_WNT7A,"['LRP6', 'FZD7']",['VCT_CCC'],['WNT7A'],"['VCT_CCC', 'EVT_2', 'EVT_1']",(M+F)-F,False
123,FZD7_LRP6_WNT7A,['WNT7A'],"['VCT_CCC', 'EVT_2', 'EVT_1']","['LRP6', 'FZD7']","['VCT_CCC', 'dS1', 'uSMC', 'Endo_M']",F-(M+F),False
123,GDF11_TGFR_AVR2A,['GDF11'],['eEVT'],"['TGFBR1', 'ACVR2A']","['GC', 'iEVT', 'dM2', 'uSMC']",(M+F)-(M+F),False
124,GDF11_TGFR_AVR2A,"['TGFBR1', 'ACVR2A']","['GC', 'iEVT']",['GDF11'],"['eEVT', 'dS3', 'uSMC', 'Endo_M', 'dS1', 'dS2']",(M+F)-(M+F),False
124,GDF11_TGFR_AVR2B,['GDF11'],['eEVT'],"['ACVR2B', 'TGFBR1']","['GC', 'iEVT', 'dM2', 'uSMC']",(M+F)-(M+F),False
125,GDF11_TGFR_AVR2B,"['ACVR2B', 'TGFBR1']","['GC', 'iEVT']",['GDF11'],"['eEVT', 'dS3', 'uSMC', 'Endo_M', 'dS1', 'dS2']",(M+F)-(M+F),False
125,ICAM3_integrin_aDb2_complex,['ICAM3'],"['VCT_CCC', 'eEVT', 'EVT_1']","['ITGB2', 'ITGAD']","['GC', 'dNK2']",F-(M+F),True
126,ICAM3_integrin_aDb2_complex,"['ITGB2', 'ITGAD']",['GC'],['ICAM3'],"['VCT_CCC', 'eEVT', 'EVT_1']",(M+F)-F,True
126,ICAM3_integrin_aLb2_complex,['ICAM3'],"['VCT_CCC', 'eEVT', 'EVT_1']","['ITGAL', 'ITGB2']","['dNK2', 'dNK3', 'dM1']",F-(M+F),True
127,ICAM3_integrin_aLb2_complex,"['ITGAL', 'ITGB2']",[],['ICAM3'],"['VCT_CCC', 'eEVT', 'EVT_1']",(M+F)-F,True
127,IL7_receptor_IL7,"['IL2RG', 'IL7R']",['iEVT'],['IL7'],"['GC', 'eEVT']",(M+F)-F,False
128,IL7_receptor_IL7,['IL7'],"['GC', 'eEVT']","['IL2RG', 'IL7R']","['iEVT', 'dNK2', 'dNK3']",F-(M+F),False
128,JAM2_integrin_a4b1_complex,['JAM2'],"['GC', 'iEVT']","['ITGB1', 'ITGA4']","['eEVT', 'EVT_2', 'iEVT']",F-(M+F),True
129,JAM2_integrin_a4b1_complex,"['ITGB1', 'ITGA4']","['eEVT', 'EVT_2', 'iEVT']",['JAM2'],"['GC', 'iEVT']",(M+F)-F,True
129,JAM3_integrin_aMb2_complex,['JAM3'],"['EVT_1', 'EVT_2', 'GC']","['ITGB2', 'ITGAM']","['iEVT', 'dNK2', 'dM2', 'dM1']",F-(M+F),True
130,JAM3_integrin_aMb2_complex,"['ITGB2', 'ITGAM']",['iEVT'],['JAM3'],"['EVT_1', 'EVT_2', 'GC']",(M+F)-F,True
130,Kremen1_LRP6_DKK1,"['LRP6', 'KREMEN1']",['eEVT'],['DKK1'],"['GC', 'EVT_2', 'iEVT']",(M+F)-F,False
131,Kremen1_LRP6_DKK1,['DKK1'],"['GC', 'EVT_2', 'iEVT']","['LRP6', 'KREMEN1']","['eEVT', 'dS1', 'dS2']",F-(M+F),False
131,LAMC1_integrin_a2b1_complex,['LAMC1'],"['GC', 'iEVT']","['ITGB1', 'ITGA2']","['eEVT', 'Endo_M']",(M+F)-(M+F),True
132,LAMC1_integrin_a2b1_complex,"['ITGB1', 'ITGA2']",['eEVT'],['LAMC1'],"['GC', 'iEVT', 'dS3', 'uSMC', 'Endo_M', 'dS1', 'dS2']",(M+F)-(M+F),True
132,LAMC1_integrin_a6b1_complex,['LAMC1'],"['GC', 'iEVT']","['ITGA6', 'ITGB1']",['Endo_M'],(M+F)-(M+F),True
133,LAMC1_integrin_a6b1_complex,"['ITGA6', 'ITGB1']",[],['LAMC1'],"['GC', 'iEVT', 'dS3', 'uSMC', 'Endo_M', 'dS1', 'dS2']",(M+F)-(M+F),True
133,LAMC1_integrin_a7b1_complex,['LAMC1'],"['GC', 'iEVT']","['ITGB1', 'ITGA7']","['EVT_2', 'iEVT', 'dS1', 'uSMC']",F-(M+F),True
134,LAMC1_integrin_a7b1_complex,"['ITGB1', 'ITGA7']","['EVT_2', 'iEVT']",['LAMC1'],"['GC', 'iEVT']",(M+F)-F,True
134,LRP4_MUSK_complex_AGRN,"['MUSK', 'LRP4']",['eEVT'],['AGRN'],"['iEVT', 'EVT_2', 'eEVT', 'GC']",(M+F)-F,False
135,LRP4_MUSK_complex_AGRN,['AGRN'],"['iEVT', 'EVT_2', 'eEVT', 'GC']","['MUSK', 'LRP4']","['eEVT', 'uSMC']",F-(M+F),False
135,LeukotrieneC4_byLTC4S_CYSLTR2,"['ALOX5', 'ALOX5AP', 'LTC4S']",[],['CYSLTR2'],['eEVT'],(M+F)-F,False
136,LeukotrieneC4_byLTC4S_CYSLTR2,['CYSLTR2'],['eEVT'],"['ALOX5', 'ALOX5AP', 'LTC4S']","['dM2', 'dM1']",F-(M+F),False
136,PDGFB_PDGFR_complex,['PDGFB'],"['VCT_CCC', 'iEVT']","['PDGFRB', 'PDGFRA']","['dS1', 'dS2', 'dS3']",(M+F)-(M+F),False
137,PDGFB_PDGFR_complex,"['PDGFRB', 'PDGFRA']",[],['PDGFB'],"['VCT_CCC', 'iEVT', 'dM2', 'dM1', 'Endo_M']",(M+F)-(M+F),False
137,PLAUR_integrin_a4b1_complex,['PLAUR'],"['VCT_CCC', 'EVT_2', 'EVT_1']","['ITGB1', 'ITGA4']","['eEVT', 'EVT_2', 'iEVT']",F-(M+F),True
138,PLAUR_integrin_a4b1_complex,"['ITGB1', 'ITGA4']","['eEVT', 'EVT_2', 'iEVT']",['PLAUR'],"['VCT_CCC', 'EVT_2', 'EVT_1']",(M+F)-F,True
138,PlexinA1_complex1_SEMA6D,"['PLXNA1', 'KDR']",['VCT_CCC'],['SEMA6D'],"['GC', 'eEVT', 'dM2', 'uSMC', 'Endo_M']",(M+F)-(M+F),False
139,PlexinA1_complex1_SEMA6D,['SEMA6D'],"['GC', 'eEVT']","['PLXNA1', 'KDR']","['VCT_CCC', 'dS2', 'dS3', 'uSMC']",(M+F)-(M+F),False
139,PlexinA1_complex2_SEMA6D,"['PLXNA1', 'TYROBP', 'TREM2']",[],['SEMA6D'],"['GC', 'eEVT']",(M+F)-F,False
140,PlexinA1_complex2_SEMA6D,['SEMA6D'],"['GC', 'eEVT']","['PLXNA1', 'TYROBP', 'TREM2']","['dM2', 'dM1']",F-(M+F),False
140,PlexinA1_complex3_SEMA3A,"['PLXNA1', 'NRP1']",['VCT_CCC'],['SEMA3A'],['GC'],(M+F)-F,False
141,PlexinA1_complex3_SEMA3A,['SEMA3A'],['GC'],"['PLXNA1', 'NRP1']","['VCT_CCC', 'dS1', 'dM2', 'uSMC', 'dM1']",F-(M+F),False
141,PlexinA2_complex1_SEMA3A,"['PLXNA2', 'NRP1']",['VCT_CCC'],['SEMA3A'],['GC'],(M+F)-F,False
142,PlexinA2_complex1_SEMA3A,['SEMA3A'],['GC'],"['PLXNA2', 'NRP1']","['VCT_CCC', 'uSMC', 'Endo_M']",F-(M+F),False
142,PlexinA3_complex1_SEMA3A,"['PLXNA3', 'NRP1']",[],['SEMA3A'],['GC'],(M+F)-F,False
143,PlexinA3_complex1_SEMA3A,['SEMA3A'],['GC'],"['PLXNA3', 'NRP1']","['dS1', 'dM2', 'uSMC', 'dM1']",F-(M+F),False
143,PlexinA4_complex1_SEMA3A,"['PLXNA4', 'NRP1']",[],['SEMA3A'],['GC'],(M+F)-F,False
144,PlexinA4_complex1_SEMA3A,['SEMA3A'],['GC'],"['PLXNA4', 'NRP1']","['dS1', 'uSMC']",F-(M+F),False
144,SEMA7A_integrin_a1b1_complex,['SEMA7A'],"['GC', 'EVT_2']","['ITGB1', 'ITGA1']","['GC', 'eEVT', 'iEVT', 'dS3', 'uSMC']",(M+F)-(M+F),True
145,SEMA7A_integrin_a1b1_complex,"['ITGB1', 'ITGA1']","['GC', 'eEVT', 'iEVT']",['SEMA7A'],"['GC', 'EVT_2', 'dS2', 'dS3']",(M+F)-(M+F),True
145,SPP1_integrin_a4b1_complex,['SPP1'],"['VCT_CCC', 'EVT_2', 'eEVT', 'iEVT']","['ITGB1', 'ITGA4']","['eEVT', 'EVT_2', 'iEVT']",F-(M+F),True
146,SPP1_integrin_a4b1_complex,"['ITGB1', 'ITGA4']","['eEVT', 'EVT_2', 'iEVT']",['SPP1'],"['VCT_CCC', 'EVT_2', 'eEVT', 'iEVT']",(M+F)-F,True
146,SPP1_integrin_a9b1_complex,['SPP1'],"['VCT_CCC', 'EVT_2', 'eEVT', 'iEVT']","['ITGA9', 'ITGB1']","['GC', 'eEVT', 'uSMC', 'Endo_M']",F-(M+F),True
147,SPP1_integrin_a9b1_complex,"['ITGA9', 'ITGB1']","['GC', 'eEVT']",['SPP1'],"['VCT_CCC', 'EVT_2', 'eEVT', 'iEVT']",(M+F)-F,True
147,TGFB1_TGFbeta_receptor1,['TGFB1'],"['EVT_1', 'EVT_2', 'iEVT']","['TGFBR1', 'TGFBR2']","['GC', 'iEVT', 'dM2', 'uSMC']",(M+F)-(M+F),False
148,TGFB1_TGFbeta_receptor1,"['TGFBR1', 'TGFBR2']","['GC', 'iEVT']",['TGFB1'],"['EVT_1', 'EVT_2', 'iEVT', 'dNK2', 'dNK3', 'dM1', 'dNK1']",(M+F)-(M+F),False
148,TGFB1_TGFbeta_receptor2,['TGFB1'],"['EVT_1', 'EVT_2', 'iEVT']","['TGFBR2', 'ACVR1']","['iEVT', 'uSMC', 'Endo_M']",F-(M+F),False
149,TGFB1_TGFbeta_receptor2,"['TGFBR2', 'ACVR1']",['iEVT'],['TGFB1'],"['EVT_1', 'EVT_2', 'iEVT']",(M+F)-F,False
149,TGFB1_integrin_aVb6_complex,['TGFB1'],"['EVT_1', 'EVT_2', 'iEVT']","['ITGB6', 'ITGAV']","['VCT_CCC', 'dS2', 'dM2', 'uSMC', 'Endo_M']",F-(M+F),True
150,TGFB1_integrin_aVb6_complex,"['ITGB6', 'ITGAV']",['VCT_CCC'],['TGFB1'],"['EVT_1', 'EVT_2', 'iEVT']",(M+F)-F,True
150,TGFB2_TGFbeta_receptor1,['TGFB2'],"['iEVT', 'eEVT', 'GC']","['TGFBR1', 'TGFBR2']","['GC', 'iEVT', 'dM2', 'uSMC']",(M+F)-(M+F),False
151,TGFB2_TGFbeta_receptor1,"['TGFBR1', 'TGFBR2']","['GC', 'iEVT']",['TGFB2'],"['iEVT', 'eEVT', 'GC', 'dS2', 'uSMC', 'Endo_M', 'dS1', 'dM2']",(M+F)-(M+F),False
151,TGFB2_TGFbeta_receptor2,['TGFB2'],"['iEVT', 'eEVT', 'GC']","['TGFBR2', 'ACVR1']","['iEVT', 'uSMC', 'Endo_M']",F-(M+F),False
152,TGFB2_TGFbeta_receptor2,"['TGFBR2', 'ACVR1']",['iEVT'],['TGFB2'],"['iEVT', 'eEVT', 'GC']",(M+F)-F,False
