complex_name,uniprot_1,uniprot_2,uniprot_3,uniprot_4,transmembrane,peripheral,secreted,secreted_desc,secreted_highlight,receptor,receptor_desc,integrin,other,other_desc,pdb_id,pdb_structure,stoichiometry,comments_complex
12oxoLeukotrieneB4_byPTGR1,Q14914,,,,False,False,True,CHEBI:27814,True,False,,False,True,biosynthesis_enzyme,,False,,
22Hydroxycholesterol_byCYP11A1,P05108,,,,False,False,True,CHEBI:67237,True,False,,False,True,biosynthesis_enzyme,,False,,
22Hydroxycholesterol_byCYP3A4,P08684,,,,False,False,True,CHEBI:67237,True,False,,False,True,biosynthesis_enzyme,,False,,
2arachidonoylglycerol_byDAGLA,Q9Y4D2,,,,False,False,True,CHEBI:52392,True,False,,False,True,biosynthesis_enzyme,,False,,
2arachidonoylglycerol_byDAGLB,Q8NCG7,,,,False,False,True,CHEBI:52392,True,False,,False,True,biosynthesis_enzyme,,False,,
ACVL1_ACVR2A,P37023,P27037,,,True,False,False,,False,True,,False,False,,,False,,
ACVL1_BMPR2,P37023,Q13873,,,True,False,False,,False,True,,False,False,,,False,,
ACVR1_BMPR2,Q04771,Q13873,,,True,False,False,,False,True,,False,False,,,False,,
ACVR_1A2A receptor,Q04771,P27037,,,True,False,False,,False,True,TGFBeta_receptor_add,False,False,,,FALSE,,Transmembrane serine/threonine kinase activin type-1 receptor forming an activin receptor complex with activin receptor type-2 (ACVR2A or ACVR2B).
ACVR_1A2A_receptor,Q04771,P27037,,,True,False,False,,False,True,TGFBeta_receptor_add,False,False,,,False,,Transmembrane_serine_threonine_kinase_activin_type_1_receptor_forming_an_activin_receptor_complex_with_activin_receptor_type_2_(ACVR2A_or_ACVR2B)
ACVR_1A2B receptor,Q04771,Q13705,,,True,False,False,,False,True,TGFBeta_receptor_add,False,False,,,FALSE,,Transmembrane serine/threonine kinase activin type-1 receptor forming an activin receptor complex with activin receptor type-2 (ACVR2A or ACVR2B).
ACVR_1A2B_receptor,Q04771,Q13705,,,True,False,False,,False,True,TGFBeta_receptor_add,False,False,,,False,,Transmembrane_serine_threonine_kinase_activin_type_1_receptor_forming_an_activin_receptor_complex_with_activin_receptor_type_2_(ACVR2A_or_ACVR2B)
ACVR_1B2A receptor,P36896,P27037,,,True,False,False,,False,True,TGFBeta_receptor_add,False,False,,,FALSE,,Transmembrane serine/threonine kinase activin type-1 receptor forming an activin receptor complex with activin receptor type-2 (ACVR2A or ACVR2B).
ACVR_1B2A_receptor,P36896,P27037,,,True,False,False,,False,True,TGFBeta_receptor_add,False,False,,,False,,Transmembrane_serine_threonine_kinase_activin_type_1_receptor_forming_an_activin_receptor_complex_with_activin_receptor_type_2_(ACVR2A_or_ACVR2B)
ACVR_1B2B receptor,P36896,Q13705,,,True,False,False,,False,True,TGFBeta_receptor_add,False,False,,,FALSE,,Transmembrane serine/threonine kinase activin type-1 receptor forming an activin receptor complex with activin receptor type-2 (ACVR2A or ACVR2B).
ACVR_1B2B_receptor,P36896,Q13705,,,True,False,False,,False,True,TGFBeta_receptor_add,False,False,,,False,,Transmembrane_serine_threonine_kinase_activin_type_1_receptor_forming_an_activin_receptor_complex_with_activin_receptor_type_2_(ACVR2A_or_ACVR2B)
ACVR_1C2A receptor,Q8NER5,P27037,,,True,False,False,,False,True,,False,False,,,FALSE,,
ACVR_1C2A_receptor,Q8NER5,P27037,,,True,False,False,,False,True,,False,False,,,False,,
ACVR_1C2B receptor,Q8NER5,Q13705,,,True,False,False,,False,True,,False,False,,,FALSE,,
ACVR_1C2B_receptor,Q8NER5,Q13705,,,True,False,False,,False,True,,False,False,,,False,,
ADR_complex,Q96A54,Q86V24,,,True,False,False,,False,True,,False,False,,,False,,May_form_homooligomers_and_heterooligomers_with_ADIPOR2
AMY1_receptor,P30988,O60894,,,True,False,False,,False,True,,False,False,,,False,,
AMY2_receptor,P30988,O60895,,,True,False,False,,False,True,,False,False,,,False,,
AMY3_receptor,P30988,O60896,,,True,False,False,,False,True,,False,False,,,False,,
AcetylcholineReceptor_a2b3,Q15822,Q05901,,,True,False,False,,False,True,,False,False,,,False,,
AcetylcholineReceptor_a3b2a5,P32297,P17787,P30532,,True,False,False,,False,True,,False,False,,,False,,
AcetylcholineReceptor_a3b4a5,P32297,P30926,P30532,,True,False,False,,False,True,,False,False,,,False,,
AcetylcholineReceptor_a4b2,P43681,P17787,,,True,False,False,,False,True,,False,False,,,False,,
AcetylcholineReceptor_a6a4b3,Q15825,P43681,Q05901,,True,False,False,,False,True,,False,False,,,False,,
AcetylcholineReceptor_a6b3b4,Q15825,Q05901,P30926,,True,False,False,,False,True,,False,False,,,False,,
Acetylcholine_byCHAT,P28329,,,,False,False,True,CHEBI:15355,True,False,,False,True,biosynthesis_enzyme,,False,,
Activin ligand ab,P08476,P09529,,,False,False,True,TGFb,True,False,,False,False,,,FALSE,,
Activin_ligand_ab,P08476,P09529,,,False,False,True,TGFb,True,False,,False,False,,,False,,
Androstenedione_byCYP17A1,P05093,,,,False,False,True,CHEBI:16422,True,False,,False,True,biosynthesis_enzyme,,False,,
Androsterone_byHSD17B6,O14756,,,,False,False,True,CHEBI:16032,True,False,,False,True,biosynthesis_enzyme,,False,,uniprot;PMID:10896656;PMID:11360992
BCR_CD45_CD22,P11274,P08575,P20273,,True,False,False,,False,True,,False,False,,,False,,
BMP9_BMP15,Q9UK05,O95972,,,False,False,True,,True,False,,False,False,,,False,,
BMPR1A_BMPR2,P36894,Q13873,,,True,False,False,,False,True,,False,False,,,False,,"On_ligand_binding,_forms_a_receptor_complex_consisting_of_two_type_II_and_two_type_I_transmembrane_serine_threonine_kinases"
BMPR1B_BMPR2,O00238,Q13873,,,True,False,False,,False,True,TGFBeta_receptor_add,False,False,,,False,,Serine_threonine_kinase_heterodimer_upon_ligand_binding
BMPR1B_BMPR2_ACVR1B,O00238,Q13873,P36896,,True,False,False,,False,True,TGFBeta_receptor_add,False,False,,,False,,Serine_threonine_kinase_heterodimer_upon_ligand_binding
BMR1A_ACR2A,P36894,P27037,,,True,False,False,,False,True,,False,False,,,False,,
BMR1A_AVR2B,P36894,Q13705,,,True,False,False,,False,True,,False,False,,,False,,
BMR1B_AVR2A,O00238,P27037,,,True,False,False,,False,True,,False,False,,,False,,
BMR1B_AVR2B,O00238,Q13705,,,True,False,False,,False,True,,False,False,,,False,,
BetaKlotho_FGFR4,P22455,Q86Z14,,,True,False,False,,False,False,,False,False,,,False,,
CD1B_complex,P61769,P29016,,,True,False,False,,False,False,,False,False,,1gzp,True,B2M;CD1B,Heterodimer_with_B2M_(beta_2_microglobulin)_Interacts_with_MHC_II
CD8 receptor,P01732,P10966,,,True,False,False,,False,True,T cell receptor add,False,False,,,FALSE,,In general heterodimer of an alpha and a beta chain linked by two disulfide bonds. Can also form homodimers.
CD8_receptor,P01732,P10966,,,True,False,False,,False,True,T_cell_receptor_add,False,False,,,False,,In_general_heterodimer_of_an_a_and_a_beta_chain_linked_bytwo_disulfide_bonds_Can_also_form_homodimers
CD94:NKG2A,Q13241,P26715,,,True,False,False,,False,True,,False,False,,,False,,
CD94:NKG2C,Q13241,P26717,,,True,False,False,,False,True,,False,False,,,False,,
CD94:NKG2E,Q13241,Q07444,,,True,False,False,,False,True,,False,False,,,False,,
CNTF-1R,P26992,P42702,P40189,,True,False,False,,False,True,Cytokine receptor IL6 family,False,False,,,FALSE,,"Heterotrimer of the alpha subunit, LIFR and IL6ST."
CNTF_1R,P26992,P42702,P40189,,True,False,False,,False,True,Cytokine_receptor_IL6_family,False,False,,,False,,"Heterotrimer_of_the_alpha_subunit,_LIFR_and_IL6ST"
CUBN_AMN_complex,Q9BXJ7,O60494,,,True,False,False,,False,True,,False,False,,,False,,
Calcitriol_byCYP27B1,O15528,,,,False,False,True,CHEBI:17823,True,False,,False,True,biosynthesis_enzyme,,False,,
CatSperChannel1b,Q8NEC5,Q9H7T0,,,True,False,False,,False,True,,False,False,,,False,,
CatSperChannel1dg,Q8NEC5,Q86XM0,,,True,False,False,,False,True,,False,False,,,False,,
CatSperChannel2b,Q96P56,Q9H7T0,,,True,False,False,,False,True,,False,False,,,False,,
CatSperChannel2dg,Q96P56,Q86XM0,,,True,False,False,,False,True,,False,False,,,False,,
CatSperChannel3b,Q86XQ3,Q9H7T0,,,True,False,False,,False,True,,False,False,,,False,,
CatSperChannel3dg,Q86XQ3,Q86XM0,,,True,False,False,,False,True,,False,False,,,False,,
CatSperChannel4b,Q7RTX7,Q9H7T0,,,True,False,False,,False,True,,False,False,,,False,,
CatSperChannel4dg,Q7RTX7,Q86XM0,,,True,False,False,,False,True,,False,False,,,False,,
Cholesterol_byCEL,P19835,,,,False,False,True,CHEBI:16113,True,False,,False,True,biosynthesis_enzyme,,False,,
Cholesterol_byDHCR24,Q15392,,,,False,False,True,CHEBI:16113,True,False,,False,True,biosynthesis_enzyme,,False,,
Cholesterol_byDHCR7,Q9UBM7,,,,False,False,True,CHEBI:16113,True,False,,False,True,biosynthesis_enzyme,,False,,
Cholesterol_byLIPA,P38571,,,,False,False,True,CHEBI:16113,True,False,,False,True,biosynthesis_enzyme,,False,,
Corticosterone_byCYP11B1,P15538,,,,False,False,True,CHEBI:16827,True,False,,False,True,biosynthesis_enzyme,,False,,
Epinephrine_byPNMT,P11086,,,,False,False,True,CHEBI:28918,True,False,,False,True,biosynthesis_enzyme,,False,,
Estradiol_byCYP19A1,P11511,,,,False,False,True,CHEBI:16469,True,False,,False,True,biosynthesis_enzyme,,False,,
Estradiol_byHSD17B1,P14061,,,,False,False,True,CHEBI:16469,True,False,,False,True,biosynthesis_enzyme,,False,,
FDZ8_RYK,P34925,Q9H461,,,True,False,False,,False,True,,False,False,,,False,,
FLT1 complex,P17948,P35968,,,True,False,False,,False,True,,False,True,Migration,,FALSE,,Can also form a heterodimer with KDR.
FLT1_complex,P17948,P35968,,,True,False,False,,False,True,,False,True,Migration,,False,,Can_also_form_a_heterodimer_with_KDR
FZD10_LRP5,O75197,Q9ULW2,,,True,False,False,,False,False,,False,False,,,False,,
FZD10_LRP6,O75581,Q9ULW2,,,True,False,False,,False,False,,False,False,,,False,,
FZD1_LRP5,O75197,Q9UP38,,,True,False,False,,False,False,,False,False,,,False,,
FZD1_LRP6,O75581,Q9UP38,,,True,False,False,,False,False,,False,False,,,False,,
FZD2_LRP5,O75197,Q14332,,,True,False,False,,False,False,,False,False,,,False,,
FZD2_LRP6,O75581,Q14332,,,True,False,False,,False,False,,False,False,,,False,,
FZD3_LRP5,O75197,Q9NPG1,,,True,False,False,,False,False,,False,False,,,False,,
FZD3_LRP6,O75581,Q9NPG1,,,True,False,False,,False,False,,False,False,,,False,,
FZD4_LRP5,O75197,Q9ULV1,,,True,False,False,,False,False,,False,False,,,False,,
FZD4_LRP6,O75581,Q9ULV1,,,True,False,False,,False,False,,False,False,,,False,,
FZD5_LRP5,O75197,Q13467,,,True,False,False,,False,False,,False,False,,,False,,
FZD5_LRP6,O75581,Q13467,,,True,False,False,,False,False,,False,False,,,False,,
FZD6_LRP5,O75197,O60353,,,True,False,False,,False,False,,False,False,,,False,,
FZD6_LRP6,O75581,O60353,,,True,False,False,,False,False,,False,False,,,False,,
FZD7_LRP5,O75197,O75084,,,True,False,False,,False,False,,False,False,,,False,,
FZD7_LRP6,O75581,O75084,,,True,False,False,,False,False,,False,False,,,False,,
FZD8_LRP5,O75197,Q9H461,,,True,False,False,,False,False,,False,False,,,False,,
FZD8_LRP6,O75581,Q9H461,,,True,False,False,,False,False,,False,False,,,False,,
FZD9_LRP5,O75197,O00144,,,True,False,False,,False,False,,False,False,,,False,,
FZD9_LRP6,O75581,O00144,,,True,False,False,,False,False,,False,False,,,False,,
FcRn complex,P61769,P55899,,,True,False,False,,False,True,Human IgG receptor,False,True,"transports immunoglobulin G (IgG) across epithelia,",1exu,TRUE,B2M;FCGRT,"FcRn complex consist of two subunits: p51, and p14 which is equivalent to beta-2-microglobulin. It forms an MHC class I-like heterodimer"
FcRn_complex,P61769,P55899,,,True,False,False,,False,True,Human_IgG_receptor,False,True,"transports_immunoglobulin_G_(IgG)_across_epithelia,",1exu,True,B2M;FCGRT,"FcRn_complex_consist_of_two_subunits:_p51,_and_p14_which_is_equivalent_to_beta_2_microglobulin_It_forms_an_MHC_class_I_like_heterodimer"
Follitropin,P01215,P01225,,,False,False,True,,True,False,,False,False,,,False,,
GALR1,P47211,Q8TDV0,,,True,False,False,,False,True,,False,False,,,False,,
GALR2,O43603,Q8TDV0,,,True,False,False,,False,True,,False,False,,,False,,
GALR3,O60755,Q8TDV0,,,True,False,False,,False,True,,False,False,,,False,,
GMCSFR,P32927,P15509,,,True,False,False,,False,True,Cytokine_receptor_IL3_family,False,False,,4nkq,binding,CSF2;CSF2RA;CSF2RB,Heterodimer_of_an_a_and_a_beta_subunit
Glycoprotein Ib  complex,P07359,P13224,,,True,False,False,,False,True,,False,False,,,FALSE,,Two GP-Ib beta are disulfide-linked to one GP-Ib alpha.
Glycoprotein_Ib_complex,P07359,P13224,,,True,False,False,,False,True,,False,False,,,False,,Two_GP_Ib_beta_are_disulfide_linked_to_one_GP_Ib_alpha
Histamine_byHDC,P19113,,,,False,False,True,CHEBI:18295,True,False,,False,True,biosynthesis_enzyme,,False,,
IGF1R_enhancerComGPC3,P08069,P51654,,,True,False,False,,False,True,,False,False,,,False,,
IL1 receptor,P14778,Q9NPH3,,,True,False,False,,False,True,Cytokine receptor IL1 family,False,False,,4dep,binding,IL1B;IL1R1;IL1RAP,After binding to interleukin-1 associates with the corecptor IL1RAP to form the high affinity interleukin-1 receptor complex
IL1 receptor inhibitor,P27930,Q9NPH3,,,True,False,False,,False,True,Cytokine receptor IL1 family,False,False,,3o4o,binding,IL1B;IL1R2;IL1RAP,After binding to interleukin-1 associates with the corecptor IL1RAP to form the high affinity interleukin-1 receptor antagonist complex
IL10 receptor,Q13651,Q08334,,,True,False,False,,False,True,Cytokine receptor IL10 family,False,False,,,FALSE,,Heterodimer of an alpha and a beta subunit.
IL10_receptor,Q13651,Q08334,,,True,False,False,,False,True,Cytokine_receptor_IL10_family,False,False,,,False,,Heterodimer_of_an_alpha_and_a_beta_subunit
IL11 receptor,Q14626,P40189,,,True,False,False,,False,True,Cytokine receptor IL6 family,False,False,,,FALSE,,"On ligand binding, forms a multimer complex with IL6ST/gp130."
IL11_receptor,Q14626,P40189,,,True,False,False,,False,True,Cytokine_receptor_IL6_family,False,False,,,False,,"On_ligand_binding,_forms_a_multimer_complex_with_IL6ST_gp130"
IL12,P29459,P29460,,,False,False,True,"Cytokine_receptor_IL6_family,_IL12_subfamily",True,False,,False,False,,1f45,True,IL12A;IL12B,
IL12 receptor,P42701,Q99665,,,True,False,False,,False,True,"Cytokine receptor IL6 family, IL12 subfamily",False,False,,,FALSE,,"Associated with IL12RB2 it forms a functional, high affinity receptor for IL12"
IL12_receptor,P42701,Q99665,,,True,False,False,,False,True,"Cytokine_receptor_IL6_family,_IL12_subfamily",False,False,,,False,,"Associated_with_IL12RB2_it_forms_a_functional,_high_affinity_receptor_for_IL12"
IL13 receptor,P78552,P24394,,,True,False,False,,False,True,"Cytokine receptor IL2 family, IL4 subfamily",False,False,,3bpo,binding,IL13;IL13RA1;IL4R,Together with IL4RA can form a functional receptor for IL13
IL13_receptor,P78552,P24394,,,True,False,False,,False,True,"Cytokine_receptor_IL2_family,_IL4_subfamily",False,False,,3bpo,binding,IL13;IL13RA1;IL4R,Together_with_IL4RA_can_form_a_functional_receptor_for_IL13
IL15 receptor,P14784,P31785,,,True,False,False,,False,True,Cytokine receptor IL2 family,False,False,,4gs7,TRUE,IL15;IL15RA;IL2RB;IL2RG,"The interleukin-15 receptor IL15R is a heterotrimer of IL15RA, IL2RB and IL2RG."
IL15_receptor,Q13261,P14784,,,True,False,False,,False,True,Cytokine_receptor_IL2_family,False,False,,4gs7,True,IL15;IL15RA;IL2RB;IL2RG,"The_interleukin_15_receptor_IL15R_is_a_heterotrimer_of_IL15RA,_IL2RB_and_IL2RG"
IL17 AF,Q16552,Q96PD4,,,False,False,True,Cytokine,True,False,,False,False,,,FALSE,,
IL17 receptor AB,Q96F46,Q9NRM6,,,True,False,False,,False,True,Cytokine receptor IL17 family,False,False,,,FALSE,,
IL17 receptor AC,Q96F46,Q8NAC3,,,True,False,False,,False,True,Cytokine receptor IL17 family,False,False,,,FALSE,,NA; the heterodimer binds IL17AF
IL17 receptor AE,Q96F46,Q8NFR9,,,True,False,False,,False,True,Cytokine receptor IL17 family,False,False,,,FALSE,,Forms heterodimers with IL17RE; the heterodimer binds IL17C
IL17_AF,Q16552,Q96PD4,,,False,False,True,Cytokine,True,False,,False,False,,,False,,
IL17_receptor_AB,Q96F46,Q9NRM6,,,True,False,False,,False,True,Cytokine_receptor_IL17_family,False,False,,,False,,
IL17_receptor_AC,Q96F46,Q8NAC3,,,True,False,False,,False,True,Cytokine_receptor_IL17_family,False,False,,,False,,NA;_the_heterodimer_binds_IL17AF
IL17_receptor_AE,Q96F46,Q8NFR9,,,True,False,False,,False,True,Cytokine_receptor_IL17_family,False,False,,,False,,Forms_heterodimers_with_IL17RE;_the_heterodimer_binds_IL17C
IL18 receptor,Q14116,Q13478,O95256,,True,False,False,,False,True,Cytokine receptor IL1 family,False,False,,3wo4,TRUE,IL18;IL18R1;IL18RAP,Cytokine receptor family; Interleukin 18 family
IL18_receptor,Q13478,O95256,,,True,False,False,,False,True,Cytokine_receptor_IL1_family,False,False,,3wo4,True,IL18;IL18R1;IL18RAP,Cytokine_receptor_family;_Interleukin_18_family
IL1_receptor,P14778,Q9NPH3,,,True,False,False,,False,True,Cytokine_receptor_IL1_family,False,False,,4dep,binding,IL1B;IL1R1;IL1RAP,After_binding_to_interleukin_1_associates_with_the_corecptor_IL1RAP_to_form_the_high_affinity_interleukin_1_receptor_complex
IL1_receptor_inhibitor,P27930,Q9NPH3,,,True,False,False,,False,True,Cytokine_receptor_IL1_family,False,False,,3o4o,binding,IL1B;IL1R2;IL1RAP,After_binding_to_interleukin_1_associates_with_the_corecptor_IL1RAP_to_form_the_high_affinity_interleukin_1_receptor_antagonist_complex
IL2 receptor_HA,P01589,P14784,P31785,,True,False,False,,False,True,Cytokine receptor IL2 family,False,False,,2b5i,binding,IL2;IL2RA;IL2RB;IL2RG,"A high affinity dimer, an intermediate affinity monomer (beta subunit). The high and intermediate affinity forms also associate with a gamma subunit."
IL2 receptor_I,P14784,P31785,,,True,False,False,,False,True,Cytokine receptor IL2 family,False,False,,3qaz,binding,,
IL20 receptor Type I,Q9UHF4,Q6UXL0,,,True,False,False,,False,True,"Cytokine receptor IL10 family, IL20 subfamily",False,False,,,FALSE,,The IL20RA/IL10RB dimer is a receptor for IL26
IL20 receptor Type II,Q8N6P7,Q6UXL0,,,True,False,False,,False,True,"Cytokine receptor IL10 family, IL20 subfamily",False,False,,,FALSE,,Component of IL22 receptor formed by IL22RA1 and IL10RB
IL20_receptor_Type_I,Q9UHF4,Q6UXL0,,,True,False,False,,False,True,"Cytokine_receptor_IL10_family,_IL20_subfamily",False,False,,,False,,The_IL20RA_IL10RB_dimer_is_a_receptor_for_IL26
IL20_receptor_Type_II,Q8N6P7,Q6UXL0,,,True,False,False,,False,True,"Cytokine_receptor_IL10_family,_IL20_subfamily",False,False,,,False,,Component_of_IL22_receptor_formed_byIL22RA1_and_IL10RB
IL21 receptor,Q9HBE5,P31785,,,True,False,False,,False,True,Cytokine receptor IL2 family,False,False,,,FALSE,,Heterodimer with the common gamma subunit.
IL21_receptor,Q9HBE5,P31785,,,True,False,False,,False,True,Cytokine_receptor_IL2_family,False,False,,,False,,Heterodimer_with_the_common_gamma_subunit
IL22 receptor,Q8N6P7,Q08334,,,True,False,False,,False,True,"Cytokine receptor IL10 family, IL20 subfamily",False,False,,3dgc,binding,IL22;IL22RA1,Component of IL22 receptor formed by IL22RA1 and IL10RB
IL22_receptor,Q8N6P7,Q08334,,,True,False,False,,False,True,"Cytokine_receptor_IL10_family,_IL20_subfamily",False,False,,3dgc,binding,IL22;IL22RA1,Component_of_IL22_receptor_formed_byIL22RA1_and_IL10RB
IL23,P29460,Q9NPF7,,,False,False,True,"Cytokine_receptor_IL6_family,_IL12_subfamily",True,False,,False,False,,3d87,True,IL12B;IL12B;IL23A;IL23A,
IL23 receptor,P42701,Q5VWK5,,,True,False,False,,False,True,"Cytokine receptor IL6 family, IL12 subfamily",False,False,,,FALSE,,Associates also with IL23R to form the interleukin-23 receptor which functions in IL23 signal transduction
IL23_receptor,P42701,Q5VWK5,,,True,False,False,,False,True,"Cytokine_receptor_IL6_family,_IL12_subfamily",False,False,,,False,,Associates_also_with_IL23R_to_form_the_interleukin_23_receptor_which_functions_in_IL23_signal_transduction
IL26 receptor,Q9UHF4,Q08334,,,True,False,False,,False,True,"Cytokine receptor IL10 family, IL20 subfamily",False,False,,,FALSE,,
IL26_receptor,Q9UHF4,Q08334,,,True,False,False,,False,True,"Cytokine_receptor_IL10_family,_IL20_subfamily",False,False,,,False,,
IL27,Q14213,Q8NEV9,,,False,False,True,Cytokine_receptor_IL6_family,True,False,,False,False,,,False,,
IL27 receptor,Q6UWB1,P40189,,,True,False,False,,False,True,Cytokine receptor IL6 family,False,False,,,FALSE,,Requires IL6ST/gp130 to mediate signal transduction in response to IL27.
IL27_receptor,Q6UWB1,P40189,,,True,False,False,,False,True,Cytokine_receptor_IL6_family,False,False,,,False,,Requires_IL6ST_gp130_to_mediate_signal_transduction_in_response_to_IL27
IL28 receptor,Q8IU57,Q08334,,,True,False,False,,False,True,Cytokine receptor family,False,False,,5t5w,binding,IFNL3;IFNLR1;IL10RB,IFNLR1/IL10RB dimer is a receptor
IL28_receptor,Q8IU57,Q08334,,,True,False,False,,False,True,Cytokine_receptor_family,False,False,,5t5w,binding,IFNL3;IFNLR1;IL10RB,IFNLR1_IL10RB_dimer_is_a_receptor
IL2_receptor_HA,P01589,P14784,P31785,,True,False,False,,False,True,Cytokine_receptor_IL2_family,False,False,,2b5i,binding,IL2;IL2RA;IL2RB;IL2RG,"A_high_affinity_dimer,_an_intermediate_affinity_monomer_(beta_subunit)_The_high_and_intermediate_affinity_forms_also_associate_with_a_gamma_subunit"
IL2_receptor_I,P14784,P31785,,,True,False,False,,False,True,Cytokine_receptor_IL2_family,False,False,,3qaz,binding,,
IL3 receptor,P32927,P26951,,,True,False,False,,False,True,Cytokine receptor IL3 family,False,False,,,FALSE,,Heterodimer of an alpha and a beta subunit.
IL33 receptor,Q01638,Q9NPH3,,,True,False,False,,False,True,Cytokine receptor IL1 family,False,False,,,FALSE,,
IL33_receptor,Q01638,Q9NPH3,,,True,False,False,,False,True,Cytokine_receptor_IL1_family,False,False,,,False,,
IL35,Q14213,P29459,,,False,False,True,Cytokine_receptor,True,False,,False,False,,,False,,
IL35 receptor,P40189,Q99665,,,True,False,False,,False,True,Cytokine receptor IL1 family,False,False,,,FALSE,,
IL35_receptor,P40189,Q99665,,,True,False,False,,False,True,Cytokine_receptor_IL1_family,False,False,,,False,,
IL36 receptor,Q9HB29,Q9NPH3,,,True,False,False,,False,True,Cytokine receptor IL1 family,False,False,,,FALSE,,After binding to interleukin-36 associates with the coreceptor IL1RAP to form the interleukin-36 receptor complex
IL36_receptor,Q9HB29,Q9NPH3,,,True,False,False,,False,True,Cytokine_receptor_IL1_family,False,False,,,False,,After_binding_to_interleukin_36_associates_with_the_coreceptor_IL1RAP_to_form_the_interleukin_36_receptor_complex
IL37 receptor,Q13478,Q6IA17,,,True,False,False,,False,True,Cytokine receptor IL1 family,False,False,,,FALSE,,"See paper Nold-Petry et al., 2015. Also called IL37"
IL37_receptor,Q13478,Q6IA17,,,True,False,False,,False,True,Cytokine_receptor_IL1_family,False,False,,,False,,"See_paper_Nold_Petry_et_al,_2015_Also_called_IL37"
IL3_receptor,P32927,P26951,,,True,False,False,,False,True,Cytokine_receptor_IL3_family,False,False,,,False,,Heterodimer_of_an_a_and_a_beta_subunit
IL4 receptor,P31785,P24394,,,True,False,False,,False,True,"Cytokine receptor IL2 family, IL4 subfamily",False,False,,3qb7,TRUE,IL2RG;IL4R,"The functional IL4 receptor is formed by initial binding of IL4 to IL4R. Subsequent recruitment to the complex of the common gamma chain, in immune cells"
IL4_receptor,P31785,P24394,,,True,False,False,,False,True,"Cytokine_receptor_IL2_family,_IL4_subfamily",False,False,,3qb7,True,IL2RG;IL4R,"The_functional_IL4_receptor_is_formed_byinitial_binding_of_IL4_to_IL4R_Subsequent_recruitment_to_the_complex_of_the_common_gamma_chain,_in_immune_cells"
IL5 receptor,P32927,Q01344,,,True,False,False,,False,True,Cytokine receptor IL3 family,False,False,,,FALSE,,Heterodimer of an alpha and a beta subunit.
IL5_receptor,P32927,Q01344,,,True,False,False,,False,True,Cytokine_receptor_IL3_family,False,False,,,False,,Heterodimer_of_an_alpha_and_a_beta_subunit
IL6 receptor,P08887,P40189,,,True,False,False,,False,True,Cytokine receptor IL6 family,False,False,,1p9m,binding,IL6;IL6;IL6R;IL6R;IL6ST;IL6ST,Signal activation necessitate an association with IL6ST.
IL6_receptor,P08887,P40189,,,True,False,False,,False,True,Cytokine_receptor_IL6_family,False,False,,1p9m,binding,IL6;IL6;IL6R;IL6R;IL6ST;IL6ST,Signal_activation_necessitate_an_association_with_IL6ST
IL7 receptor,P16871,P31785,,,True,False,False,,False,True,"Cytokine receptor IL2 family, IL7 subfamily",False,False,,,FALSE,,The IL7 receptor is a heterodimer of IL7R and IL2RG.
IL7_receptor,P16871,P31785,,,True,False,False,,False,True,"Cytokine_receptor_IL2_family,_IL7_subfamily",False,False,,,False,,The_IL7_receptor_is_a_heterodimer_of_IL7R_and_IL2RG
IL9 receptor,Q01113,P31785,,,True,False,False,,False,True,Cytokine receptor IL2 family,False,False,,,FALSE,,Cytokine receptor family; Interleukin 9 family
IL9_receptor,Q01113,P31785,,,True,False,False,,False,True,Cytokine_receptor_IL2_family,False,False,,,False,,Cytokine_receptor_family;_Interleukin_9_family
Inhibin_ligand_A,P08476,P05111,,,False,False,True,TGFb,True,False,,False,False,,,False,,
Inhibin_ligand_B,P09529,P05111,,,False,False,True,TGFb,True,False,,False,False,,,False,,
Klotho_FGFR1,P11362,Q9UEF7,,,True,False,False,,False,False,,False,False,,,False,,
Kremen1_LRP6,Q96MU8,O75581,,,True,False,False,,False,False,,False,False,,,False,,
Kremen2_LRP6,Q8NCW0,O75581,,,True,False,False,,False,False,,False,False,,,False,,
LIFR,P42702,P40189,,,True,False,False,,False,True,Cytokine_receptor_IL6_family,False,False,,,False,,Heterodimer_composed_of_LIFR_and_IL6ST
LRP4_MUSK_complex,O15146,O75096,,,True,False,False,,False,True,,False,False,,3ml4,partial,DOK7;DOK7;MUSK;MUSK,MUSK_Interacts_with_LRP4;_the_heterodimer_forms_an_AGRIN_receptor_complex_that_binds_AGRIN_resulting_in_activation_of_MUSK
Ldopa_byTYR,P14679,,,,False,False,True,CHEBI:15765,True,False,,False,True,biosynthesis_enzyme,,False,,
LeukotrieneB4_byLTA4H,P09960,,,,False,False,True,CHEBI:15647,True,False,,False,True,biosynthesis_enzyme,,False,,
LeukotrieneC4_byLTC4S,P20292,P09917,Q16873,,False,False,True,CHEBI:16978,True,False,,False,True,biosynthesis_enzyme,,False,,
LeukotrieneD4_byGGT1,P19440,P36269,,,False,False,True,CHEBI:28666,True,False,,False,True,biosynthesis_enzyme,,False,,
LeukotrieneE4_byDPEP1,P16444,,,,False,False,True,CHEBI:15650,True,False,,False,True,biosynthesis_enzyme,,False,,
LeukotrieneE4_byDPEP2,Q9H4A9,,,,False,False,True,CHEBI:15650,True,False,,False,True,biosynthesis_enzyme,,False,,
LeukotrieneE4_byDPEP3,Q9H4B8,,,,False,False,True,CHEBI:15650,True,False,,False,True,biosynthesis_enzyme,,False,,
LipoxinA4_byALOX5,P09917,P20292,Q16873,,False,False,True,CHEBI:6498,True,False,,False,True,biosynthesis_enzyme,,False,,
Lthyroxine_byTPO,P07202,,,,False,False,True,CHEBI:18332,True,False,,False,True,biosynthesis_enzyme,,False,,
MIS receptor 1,Q16671,P36894,,,True,False,False,,False,True,,False,False,,,FALSE,,
MIS receptor 2,Q16671,O00238,,,True,False,False,,False,True,,False,False,,,FALSE,,
MIS receptor 3,Q16671,Q04771,,,True,False,False,,False,True,,False,False,,,FALSE,,
MIS_receptor_1,Q16671,P36894,,,True,False,False,,False,True,,False,False,,,False,,
MIS_receptor_2,Q16671,O00238,,,True,False,False,,False,True,,False,False,,,False,,
MIS_receptor_3,Q16671,Q04771,,,True,False,False,,False,True,,False,False,,,False,,
Melatonin_byASMT,P46597,,,,False,False,True,CHEBI:16796,True,False,,False,True,biosynthesis_enzyme,,False,,
NKG2D II receptor,P26718,Q9UBK5,,,True,False,False,,False,True,hematopoyetic receptor,False,False,,,FALSE,, Heterohexamer composed of two subunits of KLRK1 and four subunits of HCST/DAP10.
NKG2D_II_receptor,P26718,Q9UBK5,,,True,False,False,,False,True,hematopoyetic_receptor,False,False,,,False,,Heterohexamer_composed_of_two_subunits_of_KLRK1_and_four_subunits_of_HCST_DAP10
NODAL receptor,P36896,Q13705,P13385,,True,False,False,,False,True,,False,False,,,FALSE,,
NODAL_receptor_IbIIa_CFC1,P36896,P27037,P0CG37,,True,False,False,,False,True,,False,False,,,False,,
NODAL_receptor_IbIIa_TDGF1,P36896,P27037,P13385,,True,False,False,,False,True,,False,False,,,False,,
NODAL_receptor_IbIIb_CFC1,P36896,Q13705,P0CG37,,True,False,False,,False,True,,False,False,,,False,,
NODAL_receptor_IbIIb_TDGF1,P36896,Q13705,P13385,,True,False,False,,False,True,,False,False,,,False,,
NODAL_receptor_IcIIb_CFC1,Q8NER5,Q13705,P0CG37,,True,False,False,,False,True,,False,False,,,False,,
NODAL_receptor_IcIIb_TDGF1,Q8NER5,Q13705,P13385,,True,False,False,,False,True,,False,False,,,False,,
Noradrenaline_byDBH,P09172,,,,False,False,True,CHEBI:18357,True,False,,False,True,biosynthesis_enzyme,,False,,
OSMR,Q99650,P40189,,,True,False,False,,False,True,Cytokine_receptor_IL6_family,False,False,,,False,,Heterodimer_composed_of_OSMR_and_IL6ST_(type_II_OSM_receptor)
PDGFR complex,P16234,P09619,,,True,False,False,,False,True,growth factor receptor,False,False,,,FALSE,,heterodimers formed by PDGFA and PDGFB
PDGFR_complex,P16234,P09619,,,True,False,False,,False,True,growth_factor_receptor,False,False,,,False,,heterodimers_formed_byPDGFA_and_PDGFB
PlexinA1_complex1,Q9UIW2,P35968,,,True,False,False,,False,True,,False,False,,,False,,PMID:_22325954
PlexinA1_complex2,Q9UIW2,Q9NZC2,O43914,,True,False,False,,False,True,,False,False,,,False,,PMID:_22325954
PlexinA1_complex3,O14786,Q9UIW2,,,True,False,False,,False,True,,False,False,,,False,,PMID:_22325954
PlexinA2_complex1,O14786,O75051,,,True,False,False,,False,True,,False,False,,,False,,PMID:_22325954
PlexinA3_complex1,O14786,P51805,,,True,False,False,,False,True,,False,False,,,False,,PMID:_22325954
PlexinA4_complex1,O14786,Q9HCM2,,,True,False,False,,False,True,,False,False,,,False,,PMID:_22325954
Pregnenolone_byCYP11A1,P05108,Q6P4F2,P10109,P22570,False,False,True,CHEBI:16581,True,False,,False,True,biosynthesis_enzyme,,False,,
Progesterone_byHSD3B1,P14060,,,,False,False,True,CHEBI:17026;CHEBI:16422;CHEBI:17252,True,False,,False,True,biosynthesis_enzyme,,False,,
Prostacyclin_byPTGIS,Q16647,,,,False,False,True,CHEBI:15552,True,False,,False,True,biosynthesis_enzyme,,False,,
ProstaglandinD2_byAKR1C3,P42330,,,,False,False,True,CHEBI:57406,True,False,,False,True,biosynthesis_enzyme,,False,,
ProstaglandinE2_byPTGES,O14684,,,,False,False,True,CHEBI:15551,True,False,,False,True,biosynthesis_enzyme,,False,,
ProstaglandinE2_byPTGES2,Q9H7Z7,,,,False,False,True,CHEBI:15551,True,False,,False,True,biosynthesis_enzyme,,False,,
ProstaglandinE2_byPTGES3,Q15185,,,,False,False,True,CHEBI:15551,True,False,,False,True,biosynthesis_enzyme,,False,,
ProstaglandinF2a_byAKR1B1,P15121,,,,False,False,True,CHEBI:15553,True,False,,False,True,biosynthesis_enzyme,,False,,
ProstaglandinF2a_byCBR1,P16152,,,,False,False,True,CHEBI:15553,True,False,,False,True,biosynthesis_enzyme,,False,,
ProstaglandinF2a_byPRXL2B,Q8TBF2,,,,False,False,True,CHEBI:15553,True,False,,False,True,biosynthesis_enzyme,,False,,
RAMP1_complex,Q16602,O60894,,,True,False,False,,False,True,,False,False,,3n7p,True,CALCRL;RAMP1,Heterodimer_of_CALCRL_and_RAMP3_(bysimilarity)_Heterodimer_of_CALCRL_and_RAMP1_or_CALCRL_and_RAMP2
RAMP2_complex,Q16602,O60895,,,True,False,False,,False,True,,False,False,,3aqf,True,CALCRL;RAMP2,Heterodimer_of_CALCRL_and_RAMP3_(bysimilarity)_Heterodimer_of_CALCRL_and_RAMP1_or_CALCRL_and_RAMP2
RAMP3_complex,O60896,Q16602,Q99527,,True,False,False,,False,True,,False,False,,,False,,Transports_the_calcitonin_gene_related_peptide_type_1_receptor_(CALCRL)_and_GPER1_to_the_plasma_membrane
RAreceptor_RARA,P10276,P29373,,,True,False,False,False,False,True,nuclear_receptor;needs transporter,False,True,,,False,,
RAreceptor_RARA_RXRA,P10276,P19793,P29373,,True,False,False,False,False,True,nuclear_receptor;needs transporter,False,True,,,False,,
RAreceptor_RARB,P10826,P29373,,,True,False,False,False,False,True,nuclear_receptor;needs transporter,False,True,,,False,,
RAreceptor_RARB_RXRB,P10826,P28702,P29373,,True,False,False,False,False,True,nuclear_receptor;needs transporter,False,True,,,False,,
RAreceptor_RARG,P13631,P29373,,,True,False,False,False,False,True,nuclear_receptor;needs transporter,False,True,,,False,,
RAreceptor_RXRA,P19793,P29373,,,True,False,False,False,False,True,nuclear_receptor;needs transporter,False,True,,,False,,
RAreceptor_RXRB,P28702,P29373,,,True,False,False,False,False,True,nuclear_receptor;needs transporter,False,True,,,False,,
RAreceptor_RXRG,P48443,P29373,,,True,False,False,False,False,True,nuclear_receptor;needs transporter,False,True,,,False,,
RET receptor 1,P07949,P56159,,,True,False,False,,False,True,,False,False,,,FALSE,,
RET receptor 2,P07949,O00451,,,True,False,False,,False,True,,False,False,,,FALSE,,
RET receptor 3,P07949,O60609,,,True,False,False,,False,True,,False,False,,,FALSE,,
RET receptor 4,P07949,Q9GZZ7,,,True,False,False,,False,True,,False,False,,,FALSE,,
RET_receptor_1,P07949,P56159,,,True,False,False,,False,True,,False,False,,,False,,
RET_receptor_2,P07949,O00451,,,True,False,False,,False,True,,False,False,,,False,,
RET_receptor_3,P07949,O60609,,,True,False,False,,False,True,,False,False,,,False,,
RET_receptor_4,P07949,Q9GZZ7,,,True,False,False,,False,True,,False,False,,,False,,
SIRB1 complex,O00241,O43914,,,True,False,False,,False,True,,False,False,,,FALSE,,Homodimer; disulfide-linked. Interacts with TYROBP. This interaction results in the recruitment of SYK.
SIRB1_complex,O00241,O43914,,,True,False,False,,False,True,,False,False,,,False,,Homodimer;_disulfide_linked_Interacts_with_TYROBP_This_interaction_results_in_the_recruitment_of_SYK
SLC16A1_complex,P35613,P53985,,,True,False,False,,False,False,,False,False,,,False,,Interacts_with_BSG;_this_is_required_for_expression_at_the_cell_membrane
SerotoninDopamin_byDDC,P20711,,,,False,False,True,CHEBI:28790,True,False,,False,True,biosynthesis_enzyme,,False,,
TGFR_AVR2A,P36897,P27037,,,True,False,False,,False,True,,False,False,,,False,,
TGFR_AVR2B,P36897,Q13705,,,True,False,False,,False,True,,False,False,,,False,,
TGFR_BMPR2,P36897,Q13873,,,True,False,False,,False,True,,False,False,,,False,,
TGFbeta receptor1,P36897,P37173,,,True,False,False,,False,True,TGFBeta_receptor_add,False,False,,,FALSE,,"Heterohexamer; TGFB1, TGFB2 and TGFB3 homodimeric ligands assemble a functional receptor composed of two TGFBR1 and TGFBR2 heterodimers to form a ligand-receptor heterohexamer."
TGFbeta receptor2,P37173,Q04771,,,True,False,False,,False,True,TGFBeta_receptor_add,False,False,,,FALSE,,
TGFbeta_receptor1,P36897,P37173,,,True,False,False,,False,True,TGFBeta_receptor_add,False,False,,,False,,"Heterohexamer;_TGFB1,_TGFB2_and_TGFB3_homodimeric_ligands_assemble_a_functional_receptor_composed_of_two_TGFBR1_and_TGFBR2_heterodimers_to_form_a_ligand_receptor_heterohexamer"
TGFbeta_receptor2,P37173,Q04771,,,True,False,False,,False,True,TGFBeta_receptor_add,False,False,,,False,,
TREM2_receptor,Q9NZC2,O43914,,,True,False,False,,False,True,,False,False,,,False,,Interacts_with_TYROBP_DAP12
TSLPR,P16871,Q9HC73,,,True,False,False,,False,True,"Cytokine_receptor_IL2_family,_IL7_subfamily",False,False,,5j11,binding,CRLF2;IL7R;TSLP,The_TSLP_receptor_is_a_heterodimer_of_CRLF2_and_IL7R
Testosterone_byAKR1D1,P51857,,,,False,False,True,CHEBI:17347,True,False,,False,True,biosynthesis_enzyme,,False,,
Testosterone_byHSD17B12,Q53GQ0,,,,False,False,True,RAreceptor_RARG_RXRG,True,False,,False,True,biosynthesis_enzyme,,False,,
Testosterone_byHSD17B3,P37058,,,,False,False,True,CHEBI:17347,True,False,,False,True,biosynthesis_enzyme,,False,,
ThromboxaneA2_byTBXAS1,P24557,,,,False,False,True,CHEBI:15627,True,False,,False,True,biosynthesis_enzyme,,False,,
Thyrostimulin,Q86YW7,Q96T91,,,False,False,True,,True,False,,False,False,,,False,,
Thyrotropin,P01215,P01222,,,False,False,True,,True,False,,False,False,,,False,,
Triiodothyronine_byDIO3,P55073,P01266,,,False,False,True,CHEBI:18258,True,False,,False,True,biosynthesis_enzyme,,False,,
Type I IFNR,P17181,P48551,,,True,False,False,,False,True,Cytokine receptor family,False,False,,3se3,binding,IFNA2;IFNAR1;IFNAR2,Heterodimer with IFNAR2
Type II IFNR,P15260,P38484,,,True,False,False,,False,True,Cytokine receptor family,False,False,,1fg9,binding,IFNG;IFNG;IFNGR1;IFNGR1;IFNGR1,Associates with IFNGR2 to form a receptor for the cytokine interferon gamma (IFNG)
Type III IFNR,Q08334,Q8IU57,,,True,False,False,,False,True,,False,False,,,FALSE,,
Type_III_IFNR,Q08334,Q8IU57,,,True,False,False,,False,True,,False,False,,,False,,
Type_II_IFNR,P15260,P38484,,,True,False,False,,False,True,Cytokine_receptor_family,False,False,,1fg9,binding,IFNG;IFNG;IFNGR1;IFNGR1;IFNGR1,Associates_with_IFNGR2_to_form_a_receptor_for_the_cytokine_interferon_gamma_(IFNG)
Type_I_IFNR,P17181,P48551,,,True,False,False,,False,True,Cytokine_receptor_family,False,False,,3se3,binding,IFNA2;IFNAR1;IFNAR2,Heterodimer_with_IFNAR2
a10b1 complex,P05556,O75578,,,True,False,False,,False,False,,True,False,,,FALSE,,Well known integrin combination
a11b1 complex,P05556,Q9UKX5,,,True,False,False,,False,False,,True,False,,,FALSE,,Well known integrin combination
a1b1 complex,P05556,P56199,,,True,False,False,,False,False,,True,False,,,FALSE,,Well known integrin combination
a2Bb3 complex,P08514,P05106,,,True,False,False,,False,False,,True,False,,1kup,TRUE,ITGA2B;ITGB3,Well known integrin combination
a2b1 complex,P05556,P17301,,,True,False,False,,False,False,,True,False,,,FALSE,,Well known integrin combination
a3b1 complex,P05556,P26006,,,True,False,False,,False,False,,True,False,,,FALSE,,Well known integrin combination
a4b1 complex,P05556,P13612,,,True,False,False,,False,False,,True,False,,,FALSE,,Well known integrin combination
a4b7 complex,P26010,P13612,,,True,False,False,,False,False,,True,False,,,FALSE,,Well known integrin combination
a5b1 complex,P05556,P08648,,,True,False,False,,False,False,,True,False,,,FALSE,,Well known integrin combination
a6b1 complex,P05556,P23229,,,True,False,False,,False,False,,True,False,,,FALSE,,Well known integrin combination
a6b4 complex,P16144,P23229,,,True,False,False,,False,False,,True,False,,,FALSE,,Well known integrin combination
a7b1 complex,P05556,Q13683,,,True,False,False,,False,False,,True,False,,,FALSE,,Well known integrin combination
a8b1 complex,P05556,P53708,,,True,False,False,,False,False,,True,False,,,FALSE,,Well known integrin combination
a9b1 complex,P05556,Q13797,,,True,False,False,,False,False,,True,False,,,FALSE,,Well known integrin combination
aDb2 complex,P05107,Q13349,,,True,False,False,,False,False,,True,False,,,FALSE,,Well known integrin combination
aEb7 complex,P26010,P38570,,,True,False,False,,False,False,,True,False,,,FALSE,,Well known integrin combination
aLb2 complex,P05107,P20701,,,True,False,False,,False,False,,True,False,,,FALSE,,Well known integrin combination
aMb2 complex,P05107,P11215,,,True,False,False,,False,False,,True,False,,,FALSE,,Well known integrin combination
aVb1 complex,P05556,P06756,,,True,False,False,,False,False,,True,False,,,FALSE,,Well known integrin combination
aVb3 complex,P06756,P05106,,,True,False,False,,False,False,,True,False,,1jv2,TRUE,ITGAV;ITGB3,Well known integrin combination
aVb5 complex,P18084,P06756,,,True,False,False,,False,False,,True,False,,,FALSE,,Well known integrin combination
aVb6 complex,P06756,P18564,,,True,False,False,,False,False,,True,False,,4um8,TRUE,ITGAV;ITGB6,Well known integrin combination
aXb2 complex,P20702,P05107,,,True,False,False,,False,False,,True,False,,3k6s,TRUE,ITGAX;ITGB2,Well known integrin combination
atRetinoicAcid_byALDH1A1,P00352,,,,False,False,True,CHEBI:15367,True,False,,False,True,biosynthesis_enzyme,,False,,
atRetinoicAcid_byALDH1A2,O94788,,,,False,False,True,CHEBI:15367,True,False,,False,True,biosynthesis_enzyme,,False,,
atRetinoicAcid_byALDH1A3,P47895,,,,False,False,True,CHEBI:15367,True,False,,False,True,biosynthesis_enzyme,,False,,
fibrinogen,P02671,P02679,P02675,,False,True,False,,False,False,,False,False,,,False,,
glyco_Lutropin,P01215,P01229,,,False,False,True,,True,False,,False,False,,,False,,
integrin_a10b1_complex,P05556,O75578,,,True,False,False,,False,False,,True,False,,,False,,Well_known_integrin_combination
integrin_a11b1_complex,P05556,Q9UKX5,,,True,False,False,,False,False,,True,False,,,False,,Well_known_integrin_combination
integrin_a1b1_complex,P05556,P56199,,,True,False,False,,False,False,,True,False,,,False,,Well_known_integrin_combination
integrin_a2Bb3_complex,P08514,P05106,,,True,False,False,,False,False,,True,False,,1kup,True,ITGA2B;ITGB3,Well_known_integrin_combination
integrin_a2b1_complex,P05556,P17301,,,True,False,False,,False,False,,True,False,,,False,,Well_known_integrin_combination
integrin_a3b1_complex,P05556,P26006,,,True,False,False,,False,False,,True,False,,,False,,Well_known_integrin_combination
integrin_a4b1_complex,P05556,P13612,,,True,False,False,,False,False,,True,False,,,False,,Well_known_integrin_combination
integrin_a4b7_complex,P26010,P13612,,,True,False,False,,False,False,,True,False,,,False,,Well_known_integrin_combination
integrin_a5b1_complex,P05556,P08648,,,True,False,False,,False,False,,True,False,,,False,,Well_known_integrin_combination
integrin_a6b1_complex,P05556,P23229,,,True,False,False,,False,False,,True,False,,,False,,Well_known_integrin_combination
integrin_a6b4_complex,P16144,P23229,,,True,False,False,,False,False,,True,False,,,False,,Well_known_integrin_combination
integrin_a7b1_complex,P05556,Q13683,,,True,False,False,,False,False,,True,False,,,False,,Well_known_integrin_combination
integrin_a8b1_complex,P05556,P53708,,,True,False,False,,False,False,,True,False,,,False,,Well_known_integrin_combination
integrin_a9b1_complex,P05556,Q13797,,,True,False,False,,False,False,,True,False,,,False,,Well_known_integrin_combination
integrin_aDb2_complex,P05107,Q13349,,,True,False,False,,False,False,,True,False,,,False,,Well_known_integrin_combination
integrin_aEb7_complex,P26010,P38570,,,True,False,False,,False,False,,True,False,,,False,,Well_known_integrin_combination
integrin_aLb2_complex,P05107,P20701,,,True,False,False,,False,False,,True,False,,,False,,Well_known_integrin_combination
integrin_aMb2_complex,P05107,P11215,,,True,False,False,,False,False,,True,False,,,False,,Well_known_integrin_combination
integrin_aVb1_complex,P05556,P06756,,,True,False,False,,False,False,,True,False,,,False,,Well_known_integrin_combination
integrin_aVb3_complex,P06756,P05106,,,True,False,False,,False,False,,True,False,,1jv2,True,ITGAV;ITGB3,Well_known_integrin_combination
integrin_aVb5_complex,P18084,P06756,,,True,False,False,,False,False,,True,False,,,False,,Well_known_integrin_combination
integrin_aVb6_complex,P06756,P18564,,,True,False,False,,False,False,,True,False,,4um8,True,ITGAV;ITGB6,Well_known_integrin_combination
integrin_aVb8_complex,P26012,P06756,,,True,False,False,,False,False,,True,False,,,False,,Well_known_integrin_combination
integrin_aXb2_complex,P20702,P05107,,,True,False,False,,False,False,,True,False,,3k6s,True,ITGAX;ITGB2,Well_known_integrin_combination
pL1:Ezrin,P15311,P32004,,,True,False,False,,False,True,,False,False,,,False,,
